tconst,average_rating
4972,6.3
13257,7.7
16220,7.6
17136,8.3
19702,7.0
22958,7.4
23427,7.8
24034,7.4
24216,7.9
26029,7.6
27125,7.8
27652,7.9
29583,7.6
30241,7.8
30287,7.5
31455,7.8
32138,8.0
32143,7.8
32455,7.7
32976,8.1
34167,7.7
34248,7.4
34583,8.5
37008,8.0
38559,7.6
38787,8.0
38991,7.4
40416,7.6
40662,7.8
40724,7.8
41154,8.3
41699,7.9
41719,8.0
42369,7.3
42546,7.9
43456,7.7
43949,7.2
44008,8.1
44672,6.6
45883,7.1
45888,7.1
46126,7.0
46303,7.6
46359,8.0
47034,7.6
47437,7.7
47522,7.6
47528,8.0
47573,7.2
48281,7.7
48356,7.7
48452,8.3
49261,7.6
49408,7.4
50086,7.6
50212,8.1
50613,8.1
51554,7.3
51658,6.7
52357,8.3
52365,7.1
52618,8.1
52948,7.0
53270,7.3
53580,6.8
53619,7.9
54047,7.7
57413,7.1
54130,8.0
54215,8.5
54331,7.9
54387,7.6
54407,8.5
54997,8.0
55614,7.5
55928,7.2
56059,7.2
56193,7.6
56218,7.9
56736,7.9
56923,7.9
56937,7.0
57129,7.5
57163,7.8
57372,6.7
57449,6.6
57611,7.9
57877,7.8
58329,7.1
58331,7.8
58385,7.8
58777,7.7
59017,6.8
59260,7.2
59274,7.9
59742,8.0
59825,7.8
60086,7.0
60176,7.6
60315,7.2
60390,7.2
60827,8.1
60955,7.7
61452,5.1
61619,7.6
61770,7.4
62480,7.2
62622,8.3
62765,7.4
62952,7.6
63385,7.4
63442,8.0
63462,7.6
63611,8.0
63678,7.2
63688,7.0
63850,7.5
64276,7.3
64505,7.3
64541,7.9
65126,7.4
65234,8.3
65377,6.6
65528,7.1
66026,7.5
66206,7.9
66434,6.7
66491,7.5
66580,8.2
66808,7.0
66831,7.1
66921,8.3
67023,7.6
67128,7.4
67309,7.1
67334,6.7
67741,6.6
67800,7.5
68646,9.2
68931,6.9
69113,7.1
69281,8.0
69293,8.1
69895,6.1
69947,7.8
69762,7.8
70047,8.0
70608,7.6
70511,8.0
70643,7.3
70666,7.7
70698,6.9
70707,7.2
70735,8.3
70948,5.9
70849,7.0
70917,7.5
71110,5.7
71402,7.0
71222,7.2
71455,5.9
71746,7.6
71771,7.1
71577,6.4
71877,7.3
72271,7.5
72281,7.2
72431,8.0
72308,7.0
73312,7.7
73195,8.0
73440,7.7
73705,6.4
73707,8.2
73747,6.9
73631,6.6
73812,6.6
74156,7.4
74285,7.4
74751,5.9
74811,7.7
74958,8.1
75005,7.5
74899,6.8
75612,7.8
75148,8.1
75265,6.1
75648,5.7
75686,8.0
75925,6.2
75784,7.4
75860,7.6
76054,6.3
76504,5.7
76150,6.5
76162,7.4
76590,6.3
76740,7.7
76759,8.6
77355,6.9
77402,7.9
77416,8.1
77451,7.8
77588,6.3
77631,7.2
77651,7.7
77681,6.3
77713,5.7
77742,7.4
77745,7.4
77766,5.8
77869,6.2
77889,6.8
77914,7.1
77928,7.6
78087,5.9
78346,7.3
78504,5.5
78748,8.4
78767,6.2
79261,7.6
79501,6.9
79522,7.9
79540,6.2
79638,7.3
79714,6.7
79817,7.3
79871,7.6
79944,8.1
80009,7.3
80130,6.5
80339,7.7
80354,6.0
80569,6.5
80661,7.1
80716,6.6
80749,6.8
80923,6.6
80979,8.0
81114,6.5
81353,5.3
81383,5.4
81505,8.4
81554,7.3
81573,6.8
81698,6.8
82031,6.9
82096,8.3
82186,6.9
82198,6.9
82269,7.2
82348,7.4
82484,7.3
82495,6.5
82694,7.6
82782,6.3
82869,6.6
82933,7.4
82971,8.4
82979,7.3
83131,6.9
83169,6.8
83190,7.4
83511,6.9
83564,6.6
83658,8.1
83739,6.6
83943,6.0
83944,7.7
83987,8.0
84335,7.7
84516,7.3
84522,6.2
84827,6.8
84726,7.7
84934,8.1
85210,7.2
85382,6.1
85404,7.0
85701,6.7
85811,6.1
86022,8.1
86154,6.5
86200,6.8
86216,7.2
86250,8.3
86425,7.4
86525,6.4
84777,7.1
84787,8.1
84805,7.4
86873,6.7
84809,5.8
86879,8.3
87015,5.6
86960,7.3
86969,7.3
87056,7.8
87075,6.7
86993,7.1
87089,6.6
87182,6.4
87277,6.6
87469,7.5
87538,7.3
87800,7.5
87909,6.8
87985,6.4
87995,6.9
88024,5.9
88172,7.0
88247,8.0
88763,8.5
88846,7.9
88930,7.3
88944,6.7
88979,6.3
88993,7.1
89003,5.9
89013,6.7
89114,6.5
89155,6.9
89175,7.1
89469,6.4
89560,7.2
89881,8.2
89885,7.2
89927,6.9
89941,7.2
90329,7.4
90583,6.2
90605,8.3
90756,7.7
90859,5.8
90887,6.1
90888,7.1
90966,6.2
87332,7.8
91159,6.3
91203,7.1
91217,7.5
91223,6.2
91369,7.4
91445,6.9
91495,7.0
91538,7.3
91670,8.0
91763,8.1
91867,7.3
91875,6.6
91886,7.4
91954,7.0
92076,5.6
92099,6.9
92563,7.3
92610,6.6
92618,7.2
92644,6.5
92666,6.0
92675,6.8
93058,8.3
92890,7.0
92925,6.0
93075,6.1
93185,7.0
93378,6.9
93409,7.6
93493,5.9
93603,8.7
93512,7.7
93605,7.0
93578,7.8
93677,7.0
93693,6.9
93793,6.1
93773,7.8
93870,7.6
93886,6.6
93894,6.7
94035,6.8
94291,7.4
94715,7.0
94737,7.3
94625,8.0
94894,6.7
94919,5.5
95016,8.2
95174,6.9
95488,5.9
95583,6.0
95800,7.7
95953,8.0
95956,5.8
96061,7.0
95963,6.1
96438,7.7
96446,7.3
96320,6.1
96764,7.2
96874,7.8
96895,7.5
97138,5.1
97235,6.5
97428,6.6
97240,7.3
97441,7.8
97493,7.2
97499,7.5
97637,6.0
97576,8.2
97733,7.2
97770,6.4
98141,5.7
98084,6.6
98320,5.5
98354,6.5
98546,7.0
98575,7.0
98663,6.1
99077,7.8
99088,7.4
99165,5.6
99012,6.6
99422,6.1
99423,7.1
99348,8.0
99582,6.6
99785,7.6
99653,7.1
99800,6.5
99810,7.6
99938,6.2
100029,6.2
100142,7.4
100157,7.8
100201,6.4
100263,7.3
100403,6.3
100405,7.0
100485,6.2
100502,5.8
100507,5.3
99726,6.7
100514,5.9
99740,6.0
100758,6.8
100802,7.5
100814,7.1
101026,7.0
101272,6.9
101316,6.9
101507,7.8
101414,8.0
101453,5.9
101516,6.8
101587,6.8
101745,6.2
101786,6.5
101829,7.6
102057,6.8
102005,6.1
102059,6.8
102070,5.8
102250,6.7
102138,8.0
102175,6.6
102293,7.1
102303,5.9
102492,6.9
102614,6.1
102526,6.7
102685,7.3
102558,5.1
102782,5.2
102803,6.5
102926,8.6
102943,7.1
102945,6.3
103130,7.4
103247,6.7
103594,6.5
103596,5.3
103639,8.0
103644,6.5
103759,7.1
103767,8.6
103772,7.0
103776,7.0
104029,6.7
103859,5.6
103874,7.4
104070,6.6
104231,6.6
104237,6.8
104257,7.7
104412,6.5
104438,5.8
104868,6.6
104691,7.7
104692,5.4
104940,7.7
104694,7.3
104714,6.7
104990,6.9
104815,6.9
104839,6.1
105104,5.9
105271,8.2
105112,6.9
105121,6.4
105378,6.7
105399,6.5
105226,7.0
105415,6.7
105236,8.3
105435,7.1
105629,5.1
105698,6.0
106226,7.2
106582,6.4
106611,7.0
106673,6.8
106918,6.8
106941,6.2
106950,5.9
107151,6.9
107156,7.6
107206,7.2
107362,6.4
107290,8.1
107302,6.7
107315,6.5
107497,6.4
107529,6.9
107616,7.3
107756,7.2
107653,7.8
107818,7.7
108122,7.7
108160,6.8
108002,7.5
108162,5.1
108171,6.1
108186,5.8
108188,7.5
108101,7.3
108211,7.5
108333,6.4
108358,7.8
109254,5.6
109444,6.9
109445,7.7
109456,5.2
109370,5.9
109635,6.1
109676,5.6
109686,7.3
109707,7.8
109759,7.1
109830,8.8
109831,7.1
109836,6.4
109936,6.3
110005,7.3
110081,8.3
110099,6.2
110213,6.0
110265,6.5
110357,8.5
110367,7.3
110413,8.5
110475,6.9
110478,7.0
110570,7.4
110613,5.3
110632,7.3
110638,6.5
110678,6.1
110771,6.7
110889,7.1
110912,8.9
110955,6.9
110989,5.4
111070,6.5
111127,6.8
111149,7.3
111161,9.3
111201,5.9
111255,5.6
111257,7.2
111280,6.6
111400,5.5
111438,5.9
111503,7.2
111512,7.6
111667,6.8
111742,6.2
111756,6.7
112384,7.6
112401,6.3
112431,6.8
112442,6.9
112462,5.4
112471,8.1
112508,6.4
112553,8.1
112573,8.3
112579,7.6
112641,8.2
112681,7.5
112688,6.9
112697,6.9
112715,5.2
112760,5.7
112817,7.6
112851,7.2
112864,7.6
112883,6.7
113118,7.3
113189,7.2
113243,6.2
113247,8.1
113277,8.2
113326,6.8
113409,7.2
113451,5.3
113481,5.7
113492,5.6
113497,7.0
113537,6.8
113540,7.1
113799,7.6
113957,5.9
113987,7.1
114168,6.6
114214,6.4
114287,6.9
114319,6.3
114323,7.2
114345,5.3
114367,6.4
114369,8.6
114508,5.8
114558,7.2
114614,5.4
114709,8.3
114814,8.5
114898,6.2
114924,6.7
115433,5.7
115561,7.4
115678,7.3
115693,6.0
115697,6.3
115734,7.0
115783,5.8
115798,6.1
115862,6.0
115964,6.4
116095,5.4
116168,5.2
116191,6.7
116209,7.4
116213,6.1
116231,8.2
116250,6.3
116277,5.9
116282,8.1
116287,6.2
116322,5.3
116361,6.8
116367,7.2
116477,7.7
116483,7.0
116493,5.9
116583,7.0
116629,7.0
116630,8.1
116669,5.8
116695,7.3
116705,5.6
116722,6.9
116790,7.8
116830,6.4
116908,6.8
117008,6.9
117038,5.7
117039,7.2
117060,7.1
117218,5.6
109504,7.0
109506,7.6
117407,7.4
117420,5.6
117500,7.4
109555,7.8
117571,7.3
109579,7.3
117603,6.9
117802,7.2
117665,7.6
117666,8.0
117883,7.4
117723,5.4
117894,5.8
117918,6.4
117998,6.4
117951,8.1
118073,5.8
118111,7.5
118749,7.9
118564,6.9
118751,7.9
118570,5.3
118571,6.5
118767,8.0
118771,6.9
118604,5.1
118607,7.3
118789,7.5
118617,7.2
118826,7.7
118689,6.5
118880,6.9
118884,7.5
118887,6.9
118954,7.4
119094,7.2
119099,7.0
119114,6.7
118998,5.4
119051,6.9
119142,5.8
119164,7.2
119173,6.0
119174,7.7
119177,7.8
119190,5.5
119282,7.3
119336,5.9
119345,5.7
119250,7.8
119375,7.3
119468,6.6
119395,6.4
119485,7.0
119396,7.5
119558,6.9
119654,7.3
119592,6.3
119664,5.5
119643,7.2
119668,6.6
119670,7.3
119675,6.0
119861,7.0
119874,6.0
119891,5.4
119715,6.5
119925,6.1
119731,6.1
119942,6.7
119951,6.9
119791,6.2
119807,6.7
119822,7.7
120053,6.2
120070,7.3
120082,6.2
120094,6.8
120241,6.9
120148,6.7
120157,6.0
120324,7.5
120177,5.2
120338,7.8
120184,6.1
120188,7.1
120201,7.2
120363,7.9
120399,6.7
120586,8.5
120587,6.5
120461,5.5
120591,6.7
120483,6.6
120484,6.1
120514,6.9
120596,5.1
120601,7.7
120611,7.1
120616,7.0
120620,6.5
120630,7.0
120631,7.0
120789,7.5
120791,6.3
120633,6.6
120646,6.4
120794,7.1
120797,6.0
120802,7.6
120804,6.7
120812,7.0
120815,8.6
120824,6.7
120832,6.0
120655,7.3
120834,6.8
120660,7.3
120855,7.3
120663,7.4
120863,7.6
120667,5.7
120866,7.1
120669,7.6
120679,7.4
120681,6.8
120877,6.1
120684,7.4
120685,5.4
120686,6.8
120689,8.6
120888,6.9
120693,6.7
120696,5.9
120902,7.0
120710,5.5
120903,7.4
120716,6.5
120907,6.8
120912,6.2
120913,6.6
120738,5.2
120746,6.8
120751,5.7
120762,7.6
120764,5.1
122151,6.6
122459,6.9
120784,7.1
122690,7.3
122933,6.7
123209,6.5
123948,7.4
123755,7.2
123964,6.8
123865,7.0
124198,6.3
124298,6.6
124315,7.4
124819,6.1
125022,6.2
124901,7.2
125439,7.1
126029,7.9
125454,6.5
125664,7.4
126604,6.4
126886,7.2
126916,6.6
127536,7.4
128332,8.2
128278,6.6
128445,7.7
129332,7.0
129167,8.0
129290,6.8
130121,5.9
130623,6.5
131325,6.4
131369,6.1
131857,6.5
132347,6.1
132477,7.8
132512,6.0
133093,8.7
133152,5.7
133240,7.2
134084,5.6
133751,6.5
133952,6.4
134154,6.7
134273,6.5
134847,7.1
137338,6.0
138097,7.1
137363,7.2
137494,6.3
137523,8.8
138510,6.2
138704,7.4
138946,6.4
138749,6.9
139134,6.8
139239,7.2
139362,6.6
139668,6.6
139414,5.7
139699,6.5
139462,6.2
140352,7.8
139809,7.1
141098,5.4
141109,5.4
142192,6.1
141926,6.6
142688,6.7
142342,6.4
144084,7.6
143145,6.4
144117,7.7
144120,5.4
144168,6.2
144640,6.1
145487,7.3
145503,7.5
145531,6.2
145893,5.3
145681,6.7
146309,7.3
145734,7.0
146316,5.8
146675,5.8
146336,5.6
146838,6.9
147612,7.7
146882,7.5
146984,6.7
149261,5.9
149691,6.2
149624,5.8
150377,6.5
151137,6.4
151804,7.7
151738,6.1
155267,6.9
152930,7.0
154420,8.1
154421,6.8
155776,5.7
156812,7.0
156934,5.2
157472,5.2
157503,6.6
157583,6.4
158811,6.3
159097,7.2
159273,6.4
159365,7.2
159382,7.1
160009,5.7
160184,5.3
160399,6.2
160797,6.4
160916,6.0
161081,6.6
162222,7.8
162346,7.3
162650,6.0
162661,7.3
162677,6.7
162973,7.5
163025,5.9
163187,5.6
163651,7.0
163978,6.7
163983,5.1
163988,6.8
164052,5.8
164108,5.7
164114,5.8
164181,7.0
164184,6.4
164212,6.5
164334,6.4
164538,7.6
164912,5.9
165546,8.0
165710,6.9
165854,7.0
165929,6.1
166485,6.7
166943,6.8
167190,6.8
167404,8.1
167427,5.1
168501,6.8
168786,7.3
158493,6.2
169547,8.3
170016,6.2
171433,6.4
172156,6.6
172396,7.1
172495,8.5
174480,5.6
174856,7.6
175142,6.2
175880,8.0
176783,5.9
177789,7.3
177858,7.7
177971,6.4
178868,7.2
179098,6.6
179626,6.1
180073,7.3
180734,6.4
181316,6.3
181689,7.6
181865,7.6
181875,7.9
181984,7.0
182789,6.9
183523,5.7
183649,7.0
183659,7.0
183869,6.5
184791,6.1
184858,5.8
184894,6.6
184907,5.1
185014,7.3
185371,5.6
185431,5.3
185937,6.5
186045,5.7
186151,7.3
171580,6.2
186894,5.7
186566,6.5
187078,6.5
187393,7.2
187738,6.7
189584,6.6
189192,5.8
190332,7.8
190419,7.3
190138,6.7
190865,5.9
191754,6.1
191397,6.6
192071,5.7
192255,5.8
192111,5.5
192614,5.6
194314,5.3
195234,6.9
195945,6.2
195685,7.4
195714,6.7
196857,5.5
196216,6.7
198021,6.8
196229,6.5
199753,5.7
200071,7.5
200550,5.7
200654,8.0
202677,6.7
202402,5.5
202470,6.3
203009,7.6
203019,7.2
204626,5.3
204175,5.4
204946,6.0
205873,7.2
206634,7.9
206314,6.6
206420,5.3
207201,6.4
208874,6.9
208092,8.3
209144,8.4
208988,5.2
209163,6.4
209475,5.3
209958,6.4
210945,7.8
210065,6.7
210070,6.8
210616,6.7
258470,5.6
212338,7.0
212346,6.3
212985,6.8
213149,6.2
213790,5.2
213847,7.5
214388,5.8
215129,6.4
215750,7.6
217505,7.5
217630,5.3
217756,5.4
217869,7.3
218553,5.9
218839,7.5
218922,6.1
218967,6.8
219699,6.7
219854,6.1
219965,6.5
220580,6.9
221027,7.6
221073,7.2
221218,5.8
222012,7.9
222851,7.1
223897,7.2
225071,5.6
227005,6.4
227445,6.8
227538,5.5
228750,6.3
230030,6.0
230600,7.6
231775,5.5
232500,6.8
233422,7.4
233469,5.5
234215,7.2
234354,5.8
234829,5.1
235198,7.2
236348,5.5
236493,6.1
236784,6.2
237534,7.0
237572,6.8
238546,5.3
238552,5.4
238883,7.8
238936,7.6
239948,5.9
240200,7.7
240510,6.5
240900,5.4
241025,6.2
241303,7.2
241760,5.9
242193,6.9
242445,5.6
242653,6.8
243664,8.0
243862,7.1
244244,6.5
244316,8.2
244970,6.1
245562,6.1
245686,6.0
245803,5.5
245844,7.7
246460,6.1
246464,6.5
246578,8.0
246677,7.0
246989,5.4
247199,7.1
247425,7.4
247638,6.4
247745,7.1
248126,7.4
248667,6.8
249462,7.7
249478,5.6
250224,6.4
250323,6.6
250494,6.3
250687,6.4
250797,6.7
251075,6.1
251160,7.1
252076,5.3
252299,6.8
252501,6.9
252503,6.5
252866,6.4
253474,8.5
253556,6.2
253798,6.3
253867,5.2
254686,7.5
255067,7.3
255589,7.0
255819,6.4
256103,6.1
256276,6.3
256380,5.9
256415,6.2
256524,6.7
257044,7.7
257076,6.0
257106,5.3
257360,7.1
257756,6.4
258000,6.8
258038,5.3
258068,7.0
258153,6.1
258463,7.9
259288,6.1
259324,5.3
259393,7.3
259446,6.6
259711,6.9
261289,5.3
261392,6.8
261983,6.4
263488,6.2
263757,6.2
264323,5.3
264395,6.5
264464,8.1
264472,6.5
264508,6.3
264616,7.2
264761,6.5
264796,7.5
264935,6.2
265086,7.7
265298,5.5
265349,6.4
265459,6.8
265662,6.9
265666,7.6
266452,6.3
266465,6.1
266489,5.9
266543,8.1
266915,6.6
266987,7.1
267287,6.5
267913,5.2
268126,7.7
268380,7.5
268695,6.0
268978,8.2
268995,6.9
269095,6.1
269347,6.1
270288,7.0
271027,6.6
271367,5.4
272020,7.0
272152,7.4
272207,7.1
273435,6.1
273517,5.4
274166,6.2
274558,7.5
274812,7.0
275083,7.1
275719,7.2
275773,6.4
276751,7.1
276816,6.2
276919,8.0
277027,7.6
277296,5.5
277371,5.7
277434,7.2
278295,5.9
278435,5.8
278488,6.3
278504,7.2
278731,6.8
279064,7.5
279111,6.3
279113,6.4
279331,6.6
279781,5.5
279889,5.5
280380,6.2
280460,5.6
280486,5.6
280590,5.8
280653,7.2
280707,7.2
280760,6.9
281322,6.2
281358,7.3
281364,6.7
281373,5.2
281820,6.5
282120,5.6
282687,5.8
283003,6.8
283026,5.1
283139,7.1
283832,7.1
284490,5.5
284978,6.8
285175,5.5
285531,5.5
285823,6.4
285861,7.1
286106,6.7
286261,7.5
286716,5.6
286751,6.6
286788,5.8
287978,5.3
288477,5.5
289635,6.4
289765,7.2
289848,5.9
289879,7.6
289992,7.5
290002,6.3
290095,5.4
290334,7.4
292644,6.6
293508,7.2
293564,6.2
293662,6.8
294357,6.5
294870,6.9
295178,6.2
295289,5.6
295297,7.4
295700,6.1
295701,5.9
295721,5.8
296572,6.7
296574,7.9
297181,5.4
297884,7.4
298130,7.1
298148,7.2
298203,7.1
298228,7.5
298814,5.5
298845,7.7
299658,7.2
299977,7.9
300051,6.2
300471,6.2
300532,5.7
300556,5.7
301470,5.6
302674,6.1
302886,7.1
303361,6.6
303714,6.3
303816,5.6
303933,5.9
304141,7.9
304415,6.5
304669,5.7
304711,5.2
305224,6.2
305669,5.6
305711,5.5
306047,5.5
306841,5.5
307453,6.0
307479,6.2
307901,7.6
307987,7.0
308383,6.3
308506,5.3
308644,7.7
309377,6.4
309593,6.2
309698,7.3
309820,6.6
309987,7.2
310203,7.1
310357,6.1
310910,6.7
311289,7.0
311429,5.8
312549,6.9
313443,6.5
313542,7.1
313737,6.2
313792,6.3
313911,5.1
314331,7.6
314353,6.6
315297,5.3
315327,6.8
315733,7.6
315983,7.5
316356,7.4
316396,6.8
316465,6.9
316654,7.3
317219,7.1
317303,5.6
317648,6.7
317705,8.0
317740,7.0
318155,5.7
318649,6.0
318974,6.0
319061,8.0
319262,6.4
319343,7.0
319970,5.5
320661,7.2
320691,7.0
322330,6.2
322589,5.4
323033,5.9
323939,6.3
324127,5.8
324216,6.2
325055,6.3
325537,5.5
325655,6.7
325710,7.7
326905,6.7
327056,7.9
327137,7.5
327162,5.3
327247,5.5
327597,7.7
327679,6.3
327850,6.7
328107,7.7
328538,6.8
328589,6.8
328828,6.3
329575,7.3
329717,5.3
330229,7.6
330373,7.7
330793,6.4
332047,6.2
332136,7.1
332280,7.8
332375,6.7
332379,7.1
332452,7.3
332658,6.8
333766,7.4
335245,6.2
335266,7.7
335345,7.2
335559,5.6
335563,6.6
337563,6.2
337578,7.4
337876,6.2
337909,6.9
337917,5.2
337921,6.5
337978,7.1
338013,8.3
338077,6.0
338094,5.1
338309,7.8
338337,6.3
338348,6.6
338427,6.3
338526,6.1
338751,7.5
339135,6.2
339291,6.8
339412,5.5
339579,6.5
339840,5.4
340855,7.3
342258,7.0
342735,7.3
343135,6.0
343818,7.1
344854,6.0
345061,6.2
345950,7.1
346094,7.6
346156,6.0
346491,5.6
347332,7.4
348121,6.9
348150,6.0
348333,6.7
348593,6.7
348836,5.8
349205,5.9
349683,6.3
349825,7.5
350258,7.7
350261,7.0
351283,6.9
351977,6.3
352248,8.0
352277,6.6
355295,5.9
355702,7.1
356150,6.6
356470,5.9
356614,6.5
356618,5.8
356680,6.3
356721,6.6
358082,6.3
358135,6.1
358273,7.8
359423,6.7
359950,7.3
360009,6.5
360139,6.1
360201,6.3
360486,7.0
360717,7.2
361620,5.1
361696,5.9
361748,8.3
361841,5.3
361925,5.2
362120,5.1
362227,7.4
362269,7.1
362270,7.3
362478,5.6
362526,6.4
363547,7.3
363988,6.5
364045,6.2
364343,6.2
364385,6.7
364751,5.9
364970,5.6
365485,6.7
365686,6.4
365737,6.9
365830,6.8
365847,6.1
365885,6.8
365907,6.5
365929,5.5
366548,6.4
366780,6.8
367027,6.4
367089,7.3
367479,6.3
367594,6.6
367631,5.3
367882,6.1
381971,6.5
368008,6.6
368447,6.5
368709,6.4
368891,6.9
369339,7.5
369436,5.7
369441,6.2
369610,7.0
369735,5.6
371246,6.4
371257,6.8
371606,5.7
371746,7.9
372183,7.7
372237,5.9
372532,6.2
372784,8.2
373051,5.8
373074,7.7
373283,6.7
373450,6.5
373469,7.5
373883,6.1
373889,7.5
373926,6.4
373981,7.6
374900,6.9
375063,7.5
375173,6.2
375568,6.3
375611,8.2
375679,7.7
376108,5.2
376127,8.3
376136,6.2
376541,7.2
377062,6.1
377092,7.0
377107,6.7
377471,5.6
377818,5.1
378072,7.0
378284,7.7
378793,7.2
379725,7.3
379786,7.8
379865,6.0
379889,7.0
380066,5.7
380510,6.7
380599,6.8
380623,5.5
381061,8.0
381707,5.7
381849,7.7
381966,5.6
382625,6.6
382932,8.0
382992,5.1
383010,5.1
383216,5.7
384116,8.0
384286,5.8
384537,6.5
384680,6.5
384793,6.4
384806,6.0
384819,6.8
385752,6.1
385880,6.6
385887,6.8
386117,6.7
386140,6.0
386588,6.6
386741,6.7
387131,7.4
387514,6.2
387564,7.6
387877,5.6
387898,7.3
388419,5.4
388482,6.3
388795,7.7
389557,7.7
389790,6.1
389860,6.4
389957,5.3
390022,7.2
391198,5.9
391304,6.6
393109,7.2
393162,7.3
393597,8.0
393635,5.2
395251,6.3
395495,6.0
395699,5.6
395972,7.3
396269,6.9
396752,6.6
397065,5.4
397101,6.5
397313,7.3
397535,7.4
397619,7.1
397892,6.8
398017,6.6
398165,6.4
398286,7.7
398712,6.3
399095,7.3
399146,7.4
399201,6.8
399295,7.6
399327,5.6
400717,6.1
401085,7.9
401445,7.0
401729,6.6
401792,8.0
401815,5.1
401997,7.0
402022,5.5
402399,6.7
402850,6.4
402901,5.1
402910,6.5
403508,6.5
403702,6.4
404032,6.7
404203,7.5
404390,7.3
404978,5.7
405094,8.4
405159,8.1
405325,6.2
405469,5.2
405821,6.1
406759,5.4
407304,6.5
407621,6.2
407887,8.5
408306,7.5
408345,5.8
408524,5.8
408985,6.5
409182,5.7
409345,6.3
409459,7.6
410297,6.8
411061,5.9
411267,5.4
413099,5.4
413267,6.1
413300,6.2
414852,7.1
414853,5.6
414951,6.2
414982,5.8
414993,7.2
416044,7.2
416212,7.2
416236,6.5
416320,7.6
416496,5.7
417001,5.9
417148,5.4
417217,6.3
418689,7.1
418763,7.0
418773,6.9
418819,6.2
419294,7.4
419706,5.2
419749,7.0
420223,7.5
420238,6.1
420251,7.0
420332,7.8
420509,7.2
420609,7.1
421054,5.9
421073,6.8
421082,7.7
421206,6.9
421238,7.3
421239,6.5
421715,7.8
422091,6.7
422093,5.8
422320,8.0
422720,6.5
423866,8.0
423977,7.0
424095,6.6
424345,7.3
424880,7.2
424993,5.5
425061,6.5
425123,6.7
425333,8.2
425413,6.6
425430,5.4
425637,7.4
426459,6.3
427152,5.9
427229,5.6
427392,5.9
427470,7.0
427944,7.6
429493,6.7
429573,5.1
429589,5.8
429591,5.4
430308,5.4
211933,6.5
430634,6.4
430922,6.8
211938,5.8
431021,5.9
431197,7.0
432047,7.6
432637,6.4
432348,6.6
433362,6.4
434139,6.4
433386,5.1
434409,8.1
433416,7.5
435623,7.0
436331,5.8
435651,6.5
435670,6.2
436339,5.1
435705,6.2
435761,8.2
436697,7.3
437405,6.6
437179,5.1
437800,7.4
438488,6.5
437863,5.5
439662,7.2
439815,6.5
441048,6.6
440803,7.1
440963,8.0
442933,6.2
441773,7.6
443272,7.3
441909,7.6
443274,6.6
443649,5.1
443680,7.5
443496,6.2
443706,7.7
443543,7.6
444182,7.0
445620,7.4
445934,6.3
445990,7.1
446013,5.4
448011,6.2
448115,7.0
448694,6.6
448124,7.4
448134,7.2
449010,5.1
448157,6.4
449059,7.8
449061,6.5
449089,5.5
449851,6.6
449951,7.5
449487,5.9
450188,7.6
450232,6.6
450259,8.0
450340,6.5
450278,5.9
451279,7.4
451079,6.8
452594,5.8
451833,6.6
451850,6.5
452598,5.5
452608,6.3
453467,7.0
452623,7.6
452637,5.5
453556,6.2
452702,6.2
454824,6.5
454841,6.4
455326,6.7
454848,7.6
454876,7.9
454921,8.0
454970,5.4
455407,6.5
455824,6.6
455590,7.7
455857,5.1
455944,7.2
455760,6.2
455967,5.8
456396,7.4
456470,7.1
457275,5.6
457400,5.3
457572,6.7
457430,8.2
457510,5.8
457939,6.9
458352,6.9
461770,7.0
461936,7.2
462200,6.9
462322,7.5
462465,6.2
462499,7.0
462338,6.7
462519,5.9
462538,7.3
462590,6.5
463998,7.6
465142,5.4
465494,6.3
465502,6.0
465580,6.1
465602,6.6
467197,5.3
467200,6.7
466856,6.2
466893,6.5
467406,7.4
466909,5.5
468565,7.2
469263,6.3
468569,9.0
469494,8.2
469903,7.3
469641,5.9
470705,6.1
471042,6.2
471571,8.2
472043,7.8
472181,5.4
472198,6.7
479884,6.9
472399,6.6
473308,7.0
473356,5.7
473753,7.1
475169,7.4
475276,7.6
475293,5.5
475723,6.9
470752,7.7
477071,5.9
477347,6.4
477078,6.6
477080,6.8
478304,6.8
478311,6.9
478970,7.3
479143,7.1
479528,6.2
479997,5.4
479751,7.5
480249,7.2
480255,6.3
480687,5.8
480269,6.8
481499,7.2
481369,6.4
482463,7.1
482571,8.5
482572,6.6
482599,5.2
482606,6.2
485947,7.8
485985,5.9
486576,5.6
486655,7.6
486822,6.8
488120,7.2
488658,5.3
488798,7.0
488414,8.1
488988,5.7
489270,6.2
489281,6.4
489049,6.6
489099,6.1
491152,5.9
490086,6.2
490204,7.4
490215,7.2
493949,6.5
493405,6.0
493430,7.0
493464,6.7
494238,6.1
497915,7.3
498380,7.9
497986,7.2
498399,6.8
498097,7.1
499375,7.7
499262,7.5
499549,7.8
499556,6.2
758771,5.7
758774,7.1
763831,5.9
762073,7.1
762121,6.8
762125,6.0
765429,7.8
765010,7.1
765446,5.9
775489,7.5
770772,5.5
770802,8.5
770828,7.0
779982,5.8
775539,5.5
775552,5.4
780504,7.8
783532,7.3
780521,7.1
784972,5.3
780567,5.6
780571,7.3
780653,5.8
787474,6.8
787475,6.7
790623,6.2
790628,5.9
790636,8.0
790712,7.1
790724,7.0
790736,5.6
795351,6.2
795368,7.4
795421,6.4
796366,7.9
799954,7.2
800039,7.1
800069,5.1
800080,6.6
800240,6.1
800308,6.7
800320,5.8
800325,7.0
800369,7.0
803061,7.4
803096,6.8
804522,6.8
804540,5.6
805526,6.6
805564,7.3
806203,6.0
808331,5.9
808357,7.5
810784,6.9
810900,5.1
811080,6.0
814022,5.4
814075,7.9
814314,7.6
814335,5.6
814685,6.2
815178,6.3
815241,7.6
816258,7.9
816462,5.2
816692,8.6
816711,7.0
817177,7.7
822847,5.7
822854,7.2
824747,7.7
824758,7.0
825232,7.4
829150,6.3
829459,6.6
829482,7.6
830515,6.6
831387,6.4
837562,7.1
837563,5.7
838221,7.2
838232,5.6
838247,5.9
838283,6.9
839980,5.8
840361,7.5
842926,7.0
844471,6.9
851577,7.9
852713,5.5
857191,7.6
857265,6.5
858486,6.5
859635,6.1
861689,6.6
866439,5.9
869994,6.8
870111,7.7
871426,6.0
873886,6.2
875034,5.8
875113,7.3
875595,7.9
878804,7.6
878835,6.6
879843,7.0
879870,5.8
880578,6.2
881320,5.9
882977,6.4
884224,5.6
884328,7.1
884732,6.6
887883,7.0
887912,7.5
889573,6.1
889583,5.8
891527,6.2
892318,6.5
892767,5.6
892769,8.1
892791,6.3
892899,5.8
893402,6.1
896798,6.1
898367,7.2
899106,5.7
899128,5.5
901476,5.5
901487,7.3
905372,6.2
906108,5.9
907657,7.8
910936,6.9
910970,8.4
913354,5.7
918927,7.5
918940,6.2
926762,7.3
929425,7.0
929632,7.3
930083,7.0
935075,7.0
936501,7.8
942384,7.7
942385,7.0
944835,6.4
945513,7.5
947798,8.0
947802,6.1
947810,6.8
952640,5.2
953318,7.4
954947,6.1
955308,6.6
959337,7.3
960731,6.0
961108,6.5
962736,7.3
963178,6.5
964185,6.8
964516,6.9
964517,7.8
964539,6.0
968264,6.9
970179,7.5
970411,6.5
970416,5.5
970866,5.5
971209,6.5
972883,7.0
974014,6.7
974661,6.4
975645,6.8
976051,7.6
976238,5.3
977855,6.8
978764,6.0
979434,5.1
985694,6.6
985699,7.1
986233,7.5
986263,6.3
988595,6.1
989757,6.3
990407,5.8
993842,6.8
1121096,5.5
993846,8.2
995039,6.7
995829,7.1
997152,6.4
999913,5.8
1000771,7.4
1000774,5.6
1001526,7.2
848228,8.0
848537,6.7
1007028,6.5
1010048,8.0
1012804,6.7
1013743,6.3
1013753,7.5
1014759,6.4
1014762,8.5
1014763,6.5
1016075,5.1
10161886,5.9
1017451,6.5
1017456,6.7
1017460,5.7
1018765,6.1
1018785,6.2
1020072,7.5
1020558,6.3
1022603,7.7
10228134,5.6
10230994,5.6
1023111,6.6
1023114,7.3
1023490,7.3
1024648,7.7
1024715,6.4
1025100,5.7
10272386,8.3
10276470,6.1
1027862,6.1
1028576,7.2
10288566,7.8
1029231,5.2
1029234,7.1
1029235,7.3
10309902,7.3
10310140,5.9
10314450,5.9
1031969,6.2
10333426,5.4
1033643,6.1
1034032,5.8
1034303,7.2
1034314,5.9
1034331,6.0
1034385,6.0
1034389,6.2
1035736,6.7
10366460,8.1
1037705,6.9
1038686,5.3
1038919,5.6
1041829,6.7
1042877,7.0
1045658,7.7
1045772,6.6
1047540,6.0
1049413,8.2
1051904,6.3
1051906,7.1
10530176,7.1
1053424,6.3
1053810,6.2
1054606,6.8
1055292,6.5
1057500,7.3
10579952,7.9
1058017,6.4
1059786,6.6
1060277,7.0
10618286,6.9
10633456,7.5
1065073,7.9
1067106,6.8
1067583,6.9
1067774,5.8
1068242,5.9
1068680,6.8
10696896,6.6
1071804,6.9
1072748,5.5
1074638,7.7
1075419,7.0
1077368,6.2
1078188,7.6
1078940,5.5
1082601,5.6
1082807,6.1
1082853,5.8
1082868,5.9
1083452,7.4
1083456,6.1
1084972,6.6
1086772,6.5
10895576,8.0
1091191,7.5
10919240,8.2
10919380,6.4
1092026,7.0
10954652,5.9
10964430,6.8
1099212,5.2
11003218,7.0
1103153,5.5
1104001,6.8
1104733,6.3
1109624,7.2
1111422,6.4
1111948,6.4
1116184,7.0
1117385,7.4
1119646,7.7
1120985,7.3
1121977,7.2
1124037,6.9
1125849,7.9
1126590,7.0
1126591,6.4
1126618,6.5
1127180,6.5
1127896,6.7
1129423,6.5
1129442,6.1
1129445,5.8
1130080,6.4
11307814,5.5
1130884,8.2
1131729,7.4
1132626,5.8
1133985,5.5
1135084,6.2
1135985,6.5
1135487,6.2
1137450,6.3
1136608,7.9
1142977,6.9
1139328,7.2
1142988,6.4
1144884,5.2
1152398,5.6
1151359,6.4
1152836,7.0
1156398,7.6
11581174,8.2
1155076,6.2
1160368,5.6
1160419,8.6
1164999,7.5
1161418,6.2
1161864,6.0
11651796,6.9
1166100,7.3
1167638,6.7
1172233,6.9
1172991,6.7
1172570,7.1
1172571,6.0
1174730,7.4
1173745,7.5
1174732,7.3
1175491,6.3
11750282,6.1
1175506,6.7
1176740,7.0
1179034,6.4
1179056,5.2
1179069,6.1
1179794,6.5
1179258,6.2
1179891,5.4
1179904,6.3
1182921,5.5
1182345,7.8
1182350,6.3
1183252,7.0
1183276,5.9
1183374,5.7
1183919,7.9
1185420,6.5
1185836,7.2
1186367,6.3
1186830,7.2
1186370,5.8
1188729,6.7
1189340,7.3
1191111,7.3
11905962,6.4
1192628,7.2
1193138,7.4
1194173,6.6
1194263,7.0
1194417,6.2
1196141,6.2
1197624,7.4
1197628,5.8
1198101,6.1
1201167,6.3
1204975,6.6
1204342,7.1
1205558,5.6
1205489,8.1
1206543,6.8
1210819,6.4
1210166,7.6
1212419,6.4
1211837,7.5
1213641,7.3
1216475,6.1
1216496,7.8
1216492,6.5
1216520,6.4
1217070,6.5
1217209,7.1
1217613,5.7
1219289,7.4
1219827,6.3
1220719,8.0
1225822,6.1
1222817,5.2
1226229,6.3
1226753,6.8
1226273,6.6
1228705,7.0
1228987,7.1
1230165,7.7
1230448,6.3
1231583,6.5
1231587,6.4
1232776,7.3
1232783,5.2
1233227,6.0
1233381,7.3
1234548,6.2
1234719,5.4
1234721,6.1
1235522,6.2
1235189,6.8
1235796,6.8
1240982,5.5
1243957,6.0
1243974,5.4
1244659,6.4
1244754,7.2
1245112,6.5
1245492,6.6
1245526,7.0
1251757,6.8
1247692,6.6
1250777,7.6
1258197,6.8
1253863,6.2
1253864,6.0
1255953,8.3
1258972,5.4
1261047,8.1
1262416,6.1
1263670,7.2
1267297,6.0
1270797,6.7
1270835,5.5
1272878,6.7
1273678,5.5
1274295,7.4
1276104,7.4
1279935,6.3
1278340,6.3
12801262,7.5
1282140,7.0
1284575,5.6
1285241,7.1
1285016,7.7
1285309,6.4
1286126,7.4
1286537,7.8
1288558,6.5
1287878,7.8
1289401,6.7
1289406,7.2
1291150,5.8
1292566,6.1
1291570,6.4
1291584,8.1
1294213,6.3
1294226,6.0
1296898,6.0
1298644,5.4
1298649,5.7
1300854,7.1
1302011,7.2
1303828,6.8
1305591,5.4
1308728,5.4
1311060,5.7
1314652,6.4
1315981,7.5
1316622,5.3
1318514,7.5
1320082,7.5
1320244,5.7
1320253,6.5
1307068,6.7
1320291,5.8
1321860,6.6
1321509,5.7
1321511,5.7
1321870,6.7
1322312,6.3
1322385,7.5
1323045,6.1
1323594,7.6
1327773,7.2
1331307,5.6
1328634,6.8
1334512,5.7
1334260,7.1
1335975,6.3
1336006,6.3
1336608,5.9
1336617,6.3
1337057,6.2
1340107,7.6
1340138,6.3
1341188,5.4
1343092,7.2
1343727,7.1
1351685,6.2
1345836,8.4
1349451,6.2
1352824,6.3
1355630,6.7
1355644,7.0
1355683,6.9
1365519,6.3
1366344,5.7
1369706,5.6
1371150,6.6
1374989,5.8
1375666,8.8
1375670,6.0
1375789,5.4
1379182,7.2
1385826,7.0
1385867,5.6
1386588,6.7
1386697,5.9
1386703,6.2
1386932,7.5
1389072,5.7
1390411,6.9
1392170,7.2
1392214,8.1
1396484,7.3
1397280,6.3
1398426,7.8
1401152,6.8
1403177,7.0
1403865,7.6
1403981,7.1
1407084,5.6
1408101,7.7
1408253,6.2
1409024,6.8
1410051,5.8
1411238,6.2
1411250,6.4
1411697,6.4
1411704,5.4
1412386,7.3
1413492,6.6
1413495,5.7
1414382,5.8
1415283,6.1
1417075,7.3
1418377,5.1
1421051,6.3
1423995,5.4
1424381,6.4
1424432,8.5
1430132,6.7
1430612,5.7
1430615,6.5
1431045,8.0
1431181,7.4
1433108,6.4
1435513,6.7
1436562,6.9
1438173,5.2
1438176,6.4
1440129,5.8
1440266,7.7
1440292,7.3
1440345,6.7
1440728,6.3
1440732,5.4
1441395,6.3
1441912,7.4
1441940,7.3
1441951,6.8
1446192,7.3
1446714,7.0
1448755,6.4
1450321,7.1
1454029,8.0
1454468,7.7
1456635,6.8
1457767,7.5
1458169,5.9
1458175,7.3
1462041,6.0
1464540,6.1
1469304,5.5
1470023,5.5
1470827,6.4
1477076,5.6
1478338,6.8
1478839,7.6
1478964,6.7
1482459,6.4
1483013,7.0
1483797,7.5
1483831,6.9
1485796,7.6
1486185,5.5
1486192,6.4
1489887,7.2
1489889,6.3
1490017,7.7
1498569,6.7
1499658,6.8
1502397,6.6
1502407,6.5
1506999,5.8
1508675,7.2
1509767,5.7
1512235,6.7
1517260,5.9
1517451,7.6
1521197,6.9
1521848,6.4
1523483,5.7
1524137,6.4
1524930,6.1
1525366,6.3
1528071,6.5
1529572,6.9
1531663,6.4
1532503,7.2
1535108,6.6
1535109,7.8
1536044,5.7
1536048,6.3
1540133,7.3
1542344,7.5
1547234,6.5
1549920,6.3
1554091,7.2
1555064,6.3
1558877,7.5
1559547,6.2
1559549,7.5
1560139,7.5
1560747,7.2
1563738,7.0
1563742,6.0
1564349,6.8
1564367,6.4
1564777,5.4
1568338,6.6
1568911,7.2
1570728,7.4
1571234,6.1
1578275,5.3
1582248,6.8
1582507,5.6
1583420,6.1
1586752,6.8
1587310,7.0
1568346,7.8
1588173,6.8
1591095,6.8
1591479,6.5
1592525,6.1
1596343,7.3
1596346,7.0
1596350,6.3
1596363,7.8
1598778,6.7
1600195,5.1
1598828,5.3
1600196,7.1
1601913,6.8
1599348,6.7
1602620,7.9
1605630,6.7
1605717,7.0
1604171,5.4
1606389,6.8
1605783,7.7
1606392,7.1
1606378,5.3
1606384,7.7
1612774,5.8
1610996,5.8
1613750,7.2
1616195,6.5
1615065,6.5
1615147,7.1
1615160,7.0
1617661,5.3
1618442,6.0
1619029,6.7
1620935,6.8
1620981,5.8
1621039,5.8
1621045,6.5
1623205,6.3
1622979,5.8
1623288,7.0
1625346,6.3
1629757,7.1
1630036,7.0
1631867,7.9
1634106,5.7
1634121,5.4
1632708,6.5
1634122,6.3
1637688,6.7
1636826,6.6
1638355,7.3
1637706,6.4
1637725,6.9
1640484,5.7
1640548,5.8
1643222,5.9
1645089,8.2
1645155,6.1
1645170,6.4
1646987,5.7
1646971,7.8
1646980,5.9
1647668,7.0
1649419,7.6
1648190,5.6
1650062,7.0
1650554,6.5
1656186,5.5
1655442,7.9
1656190,6.5
1657507,6.4
1661199,6.9
1661382,6.4
1663143,5.4
1661420,7.3
1663202,8.0
1666185,5.8
1663662,6.9
1666801,6.5
1667353,5.6
1667355,6.5
1668191,7.4
1670345,7.2
1674771,6.6
1675192,7.4
1679335,6.5
1677720,7.4
1682180,6.8
1680114,6.6
1682181,7.4
1690953,7.3
1687901,6.5
1694020,5.7
1691917,5.7
1700841,6.1
1702439,6.7
1703957,6.6
1706593,7.0
1711425,5.8
1711525,5.9
1712170,5.2
1713476,5.7
1712261,6.3
1714915,7.3
1714210,7.6
1715336,6.5
1715873,6.1
1716777,7.1
1727776,6.3
1727824,7.9
1731697,5.2
1735485,5.9
1734493,6.3
1735898,6.1
1741273,6.3
1742044,6.8
1743720,6.6
1745787,7.0
1747958,6.5
1748122,7.8
1756799,5.2
1757746,6.5
1758795,5.8
1758810,5.1
1758595,5.5
1758830,6.2
1764651,6.6
1764234,6.2
1772240,5.2
1772288,7.0
1778304,5.8
1777034,7.4
1780798,5.7
1781922,6.8
1781058,5.8
1787988,7.2
1790864,6.8
1790885,7.4
1795702,7.2
1800241,7.2
1798603,5.6
1798684,7.4
1798709,8.0
1800246,6.1
1800741,6.4
1800302,6.7
1802197,7.1
1809398,7.2
1814621,5.7
1817273,7.3
1821480,8.1
1821549,7.7
1821658,5.7
1821694,6.6
1823664,5.3
1821700,7.9
1825157,6.5
1823672,6.8
1826590,6.1
1829012,5.3
1833673,5.4
1839596,7.7
1840309,6.6
1840417,7.0
1841642,5.3
1846589,6.6
1847731,7.4
1850397,6.3
1837703,6.2
1850457,6.0
1838544,5.9
1853728,8.4
1854513,7.5
1855199,7.6
1859446,6.4
1856101,8.0
1860213,5.9
1860353,6.4
1860357,7.1
1869716,6.8
1872194,7.4
1878870,7.3
1881002,5.6
1891755,6.2
1907668,7.3
1904996,6.2
1905041,7.0
1911644,6.7
1911658,6.7
1915581,6.1
1921064,5.5
1921149,7.2
1922777,6.8
1924429,6.9
1928330,5.5
1929263,5.8
1931435,5.6
1931533,7.2
1939659,5.9
1937149,7.6
1945084,5.1
1950186,8.1
1950235,5.8
1951261,5.8
1954315,6.8
1956620,5.1
1961175,6.2
1964418,6.4
1959490,5.7
1967545,6.9
1966566,5.7
1972779,6.7
1975249,6.1
1977895,6.4
1979320,8.1
1979376,7.7
1984153,6.1
1981128,5.3
1981677,7.1
1985966,6.4
1985949,6.3
1989475,6.4
1987680,7.0
1990181,6.1
1996310,7.1
1999890,5.5
1999987,6.4
2004420,6.3
2006295,6.9
2011159,5.6
2015381,8.0
2017020,5.3
2023587,6.2
2024432,5.7
2024469,6.9
2034031,6.4
2034800,5.9
2039338,5.2
2039393,6.1
2040560,5.8
2053463,7.1
2058673,5.3
2059171,6.3
2059255,7.4
2063781,6.8
2066051,7.3
2070649,8.1
2072233,5.6
2076298,7.0
2080374,7.2
2082197,8.1
2083355,6.7
2085910,6.2
2088003,5.4
2091478,5.1
2091935,6.4
2094018,6.4
2094064,7.1
2096672,5.6
2096673,8.1
2097307,6.1
2101441,5.3
2103217,6.1
2103281,7.6
2105044,5.8
2106361,5.8
2106476,8.3
2106651,6.3
2119532,8.1
2119543,6.1
2120120,5.5
2121382,7.3
2126235,5.7
2126355,6.1
2126357,5.8
2131532,6.4
2139881,6.8
2140379,6.5
2140479,7.3
2170439,6.3
2172935,7.2
2177771,6.1
2179136,7.3
2181831,8.2
2183034,5.8
2184339,5.7
2191701,5.4
2193215,5.3
2199571,6.6
2203939,6.0
2209764,6.2
2216240,7.2
2224026,6.6
2224317,7.3
2226597,6.4
2229499,6.5
2229842,7.2
2231253,5.6
2231461,6.1
2234429,5.4
2235695,6.0
2239822,6.5
2239832,5.8
2241351,6.5
2245084,7.8
2247476,6.7
2249221,6.7
2258337,7.7
2258858,7.5
2261331,6.4
2262227,7.3
2271563,6.3
2267968,7.1
2267998,8.1
2268016,5.6
2274648,5.2
2278388,8.1
2279339,5.8
2281587,6.4
2293640,6.4
2296777,5.2
2294629,7.4
2299842,7.2
2302755,6.5
2302966,7.4
2305051,7.1
2312718,6.5
2315582,6.2
2316411,6.9
2318092,6.3
2333784,6.1
2334879,6.3
2345737,6.4
2345112,6.4
2345759,5.4
2347569,7.5
2345567,5.9
2351310,6.6
2357129,6.0
2357291,6.3
2358925,5.4
2361509,7.1
2364841,5.6
2369135,6.4
2372678,6.9
2372222,5.3
2377322,6.2
2380307,8.4
2379713,6.8
2381111,7.5
2381941,6.6
2382396,6.9
2387433,6.3
2387499,5.9
2388715,6.5
2387559,6.4
2388771,6.5
2397535,7.5
2401878,7.3
2401097,5.6
2402927,7.2
2403021,5.3
2404181,7.3
2404425,7.3
2404435,6.9
2404461,7.7
2404233,5.4
2404463,6.6
2404311,6.3
2404465,6.9
2406566,6.7
2431286,7.6
2436386,6.4
2446042,6.0
2450186,6.0
2446980,6.6
2452042,7.1
2471640,7.8
2479800,6.2
2486678,7.1
2490326,5.7
2494280,6.5
2503944,6.6
2510894,6.7
2515034,5.8
2531344,6.2
2537176,5.7
2543164,7.9
2545428,7.7
2547584,7.2
2543472,8.0
2554274,6.5
2555736,6.6
2557490,6.1
2556308,7.2
2561572,6.0
2567026,6.2
2571140,5.1
2582496,7.7
2582782,7.6
2582802,8.5
2582846,7.7
2584384,7.9
2568862,6.6
2637276,6.3
2637294,5.1
2638144,5.7
2639336,6.0
2660888,7.0
2671706,7.2
2669336,6.5
2674426,7.4
2678948,6.3
2679552,5.5
2702724,5.4
2692904,7.1
2704998,6.9
2713180,7.6
2709692,6.3
2709768,6.5
2717822,5.4
2719848,7.1
2726560,7.1
2752772,5.3
2762506,7.4
2763304,7.2
2764784,7.3
2776878,6.6
2771372,6.8
2798920,6.8
2806788,6.9
2823054,6.0
2848292,6.4
2832470,6.9
2852406,7.5
2854926,6.5
2869728,5.9
2870648,7.8
2872718,7.8
2872732,6.4
2873282,6.6
2882328,8.0
2883434,6.6
2888046,7.1
2883512,7.3
2891174,7.1
2884206,7.4
2905838,5.6
2908446,6.2
2911666,7.4
2918436,5.2
2926068,8.0
2935510,6.5
2937898,7.0
2948372,8.1
2967224,5.2
2980516,7.7
2980592,6.7
2980794,7.6
3001638,6.8
3007512,7.0
3011960,5.2
3014866,6.3
3040964,7.4
3045616,5.5
3062096,6.2
3063516,6.5
3064298,6.8
3065204,7.3
3076658,7.6
3079380,7.0
3104988,6.9
3099498,5.3
3107166,7.2
3110958,6.5
3118452,6.0
3125324,6.9
3138782,7.6
3152592,5.7
3148502,7.3
3152624,6.2
3169706,7.8
3168230,6.9
3170832,8.1
3170902,7.2
3171832,6.0
3177316,5.7
3181776,5.5
3201640,5.8
3183660,7.3
3203606,7.5
3208026,6.9
3216348,5.3
3210686,5.7
3231054,6.3
3224458,7.3
3228774,7.4
3247714,5.7
3263904,7.4
3276924,6.1
3281548,7.8
3289724,6.2
3289728,6.1
3296658,7.3
3296908,6.4
3297330,6.4
3300542,5.9
3300980,7.4
3315342,8.1
3316948,6.1
3316960,7.5
3319920,5.7
3322364,7.1
3322420,8.2
3322940,5.4
3327624,5.4
3332064,5.7
3348730,5.8
3352390,5.3
3361792,6.8
3369806,6.7
3387520,6.2
3387648,6.0
3390572,8.1
3395184,6.7
3397884,7.6
3402236,6.5
3411444,6.7
3440298,6.4
3450958,7.4
3460252,7.8
3462710,5.1
3467412,5.9
3469046,6.3
3470600,7.1
3478962,7.1
3479316,6.1
3488710,7.3
3495000,7.3
3495026,7.0
3499096,7.1
3501112,5.7
3513548,7.5
3517870,6.3
3521164,7.6
3530002,6.4
3531824,6.5
3532216,7.2
3544082,7.1
3553442,6.6
3560686,8.0
3564472,6.2
3567288,6.2
3569230,6.9
3606752,6.7
3606756,7.6
3612616,8.1
3616916,6.7
3622120,7.1
3622592,6.2
3623726,5.9
3631112,6.5
3640424,7.1
3659388,8.0
3661210,7.1
3682448,7.6
3691740,6.4
3704050,7.5
3707104,5.9
3707106,5.3
3713166,5.5
3716530,7.1
3717490,5.9
3721954,7.6
3721964,6.1
3726704,6.6
3741834,8.0
3748528,7.8
3754940,7.3
3760922,6.0
3758172,6.7
3766354,6.7
3767372,7.6
3774114,7.3
3771536,6.2
3783958,8.0
3774694,6.1
3799694,7.4
3794354,6.5
3801314,8.1
3802576,6.5
3813310,6.3
3829266,5.3
3829920,7.6
3832914,6.5
3830162,7.1
3833480,6.8
3859076,6.8
3841424,7.8
3848892,8.0
3850214,7.2
3850590,6.2
3861390,6.3
3862750,5.6
3881784,6.9
3864056,6.4
3882082,6.0
3896198,7.6
3906082,6.5
3922818,6.4
3966404,7.6
4009278,5.7
4005402,7.1
4025514,7.4
4015500,7.3
4034228,7.8
4052882,6.3
4073790,5.7
4103724,6.7
4116284,7.3
4120176,7.0
4126476,5.3
4131496,5.9
4154664,6.8
4136084,6.8
4172430,7.3
4178092,7.0
4180560,6.1
4190530,7.2
4139124,6.3
4139588,6.3
4196450,6.4
4196776,6.6
4196848,7.7
4218572,6.9
4226388,7.6
4225622,6.3
4244998,6.7
4257926,7.1
4287320,5.3
4302938,7.8
4309356,8.1
4298958,7.4
4326444,7.1
4341582,7.4
4357394,5.8
4364194,7.6
4375438,7.2
4383594,5.3
4387040,8.0
4411504,7.0
4419364,5.1
4463816,5.4
4463894,6.4
4468740,7.8
4481414,7.6
4481514,5.6
4486986,5.4
4501244,6.2
4503598,5.4
4504044,5.9
4520364,5.8
4520988,6.8
4530422,6.6
4532826,5.3
4537896,6.5
4560436,6.1
4566758,5.7
4572514,7.4
4575576,7.3
4624424,6.8
4630562,6.6
4635372,8.2
4645330,6.7
4648786,6.6
4651520,6.2
4679210,8.3
4682786,6.8
4701182,6.7
4703048,6.2
4729430,8.2
4731136,6.4
4733624,6.6
4765284,5.8
4776998,6.0
4779682,5.6
4781612,6.5
4786282,6.3
4799050,5.2
4807408,7.3
4814290,7.3
4827558,5.8
4832640,7.0
4846232,7.4
4846340,7.8
4857264,8.1
4878482,6.6
4913966,5.3
4916630,7.6
4934950,8.2
4935418,5.8
4943998,7.4
4951982,6.6
4954522,7.0
4972582,7.3
4975722,7.4
5001754,5.9
5013056,7.8
5028340,6.7
5052448,7.7
5074352,8.4
5075662,5.3
5076214,6.8
5085924,5.5
5093026,7.2
5097410,6.3
5109784,6.6
5113040,6.5
5116302,8.0
5117670,6.6
5121816,6.3
5144174,6.9
5155780,6.3
5164184,5.8
5165344,7.1
5208252,6.6
5215088,5.2
5247022,7.4
5286444,7.6
5290524,6.6
5294518,5.7
5301662,7.3
5304464,6.7
5308322,6.6
5312232,8.3
5360952,5.1
5362988,7.7
5390504,7.3
5397194,6.1
5433138,5.2
5437928,6.7
5439796,7.0
5442430,6.6
5460276,7.1
5463162,7.7
5478478,7.2
5501104,7.0
5503686,6.3
5519340,6.3
5523010,5.6
5563334,6.7
5571734,8.1
5580036,7.5
5580266,7.5
5592878,6.4
5598292,5.1
5610554,7.0
5606664,7.3
5613484,7.4
5628302,6.8
5640450,6.4
5670152,6.0
5709188,5.3
5719700,5.8
5713232,7.6
5716464,7.2
5719748,6.2
5734576,5.2
5727208,7.4
5758778,5.8
5774450,6.7
5813916,8.7
5814060,5.3
5814534,6.8
5822564,5.5
5862312,6.2
5884784,5.5
5886046,6.4
5923962,7.1
5895028,8.2
5918982,6.5
5929754,6.8
5941692,5.8
5956100,5.9
5960374,5.8
5990474,7.2
6043142,6.9
6048930,5.4
6062774,6.9
6060156,6.8
6095472,6.4
6097798,6.3
6105098,6.8
6133466,5.2
6139732,6.9
6173990,7.3
6189022,6.4
6206564,7.6
6218358,6.8
6264654,7.6
6264938,7.4
6265828,6.9
6266538,7.2
6294822,7.2
6304046,7.0
6306064,6.6
6324278,7.0
6334354,7.4
6338498,6.7
6343314,7.1
6359956,5.6
6378710,6.2
6394270,6.8
6398184,7.4
6428676,5.9
6432466,6.7
6450186,7.4
6452574,7.7
6472976,7.2
6484982,7.7
6485666,7.8
6476140,5.4
6499752,7.5
6495770,5.1
6513120,7.1
6527426,5.4
6537238,7.2
6535880,6.3
6565702,5.7
6628394,7.1
6588966,7.5
6644200,7.5
6654210,5.4
6673612,5.6
6663582,6.1
6722030,5.6
6723592,7.4
6738136,6.4
6745550,6.0
6751668,8.6
6768578,7.2
6777338,6.7
6772950,5.2
6781982,5.6
6791096,5.6
6850820,6.5
6857112,6.8
6864046,7.0
6857376,7.3
6878378,5.5
6882604,6.4
6916362,7.4
6921996,6.2
6924650,6.7
6966692,8.2
6972140,7.1
6977338,6.7
6998518,6.5
7026672,6.5
7040874,6.8
7048622,7.7
7063210,7.0
7125774,7.5
7126948,5.4
7131622,7.6
7133686,6.6
7134096,5.3
7137846,5.5
7146812,7.4
7153766,6.4
7170950,6.1
7212726,5.6
7212754,7.6
7218518,7.9
7282468,7.5
7286456,8.4
7315484,5.3
7349662,7.5
7349950,6.5
7363076,7.4
7390646,6.4
7401588,7.3
7430722,6.5
7456310,6.6
7465992,8.5
7485048,8.0
7504726,6.8
7541106,5.8
7547410,6.1
7549892,6.5
7549996,6.8
7616148,6.7
7618184,6.9
7634968,5.3
7700730,7.5
7711170,6.2
7715202,7.0
7734218,6.2
7737528,6.3
7738784,8.9
7752126,6.1
7798634,6.9
7832124,7.7
7888964,7.4
7919680,7.6
7946422,6.3
7958736,5.6
7959026,7.0
7984766,7.2
8079248,6.8
8085790,5.5
8096832,6.3
8130968,7.8
8134742,5.5
8144834,8.1
8160864,5.3
8195518,5.2
8206668,7.1
8236336,7.2
8239946,8.3
8244784,6.5
8254556,7.1
8350360,5.9
8361028,5.9
8364368,6.1
8367814,7.8
8372298,6.5
8430598,6.1
8485364,6.0
8503618,8.4
8521876,5.7
8544498,6.7
8597594,5.2
8623904,6.5
8632862,7.0
8633478,6.7
8688634,6.6
8760684,8.2
8772262,7.1
8781414,6.7
8784956,5.4
8820590,6.7
8946378,7.9
8948790,8.6
9024106,5.8
9072352,6.0
9076562,6.3
9110170,5.5
9134216,5.1
9139586,6.0
9179096,7.8
9214832,6.7
9252468,7.2
9345754,6.4
9354944,6.1
9412098,7.2
9420648,7.3
9477520,8.5
9617456,8.5
9664108,5.4
9779516,6.5
9866072,6.1
9900782,8.5
