tconst,worldwide_lifetime_gross
4972,16779212
13257,91627228
16220,154649125
17136,69131860
19702,2340411
22958,172945750
23427,115695182
24034,392000694
24216,556906378
26029,5520368
27125,162242684
27652,211822697
29583,184925486
30241,205850134
30287,723192705
31455,325338851
32138,25407411
32143,50007546
32455,90874570
32976,538983207
34167,16364924
34248,1308242
34583,4376287
37008,20000000
38559,49939757
38787,44420167
38991,82410456
40416,4770222
40662,42580321
40724,226945087
41154,8618766
41699,745013115
41719,123276807
42369,18090065
42546,54589558
43456,233093859
43949,35294470
44008,325286646
44672,36000000
45883,896678241
45888,68766121
46126,232617430
46303,178062759
46359,335062621
47034,524976069
47437,53696278
47522,436188866
47528,375658750
47573,37930465
48281,76665191
48356,630162448
48452,352794081
49261,23180087
49408,11993021
50086,162242684
50212,27200000
50613,35164920
51554,215862692
51658,85120254
52357,118686937
52365,61698899
52618,94061311
52948,244232688
53270,245527149
53580,25819961
53619,137298489
54047,162360636
57413,164115897
54130,694394724
54215,32041845
54331,1844917
54387,123729176
54407,55405035
54997,157563598
55614,44063287
55928,589580482
56059,42593455
56193,1071255
56218,96105910
56736,128799509
56923,73279888
56937,57777778
57129,177311151
57163,86493046
57372,273961019
57449,29699345
57611,61404394
57877,46357676
58329,60917189
58331,349546142
58385,72632653
58777,236412453
59017,177584879
59260,216639112
59274,70009308
59742,159428329
59825,50605163
60086,35060882
60176,392000694
60315,426074373
60390,222446882
60827,22428990
60955,237202299
61452,616502912
61619,76432727
61770,130834852
62480,271457301
62622,65802496
62765,66468985
62952,82410456
63385,42580321
63442,362211740
63462,38075318
63611,1009281898
63678,123726688
63688,124305181
63850,352114312
64276,123276
64505,176070171
64541,64811540
65126,252276927
65234,28817291
65377,100489151
65528,50605163
66026,81600000
66206,61749765
66434,167327174
66491,897690072
66580,9975737
66808,136200
66831,177427090
66921,26904636
67023,27426335
67128,19412993
67309,170458922
67334,103166989
67741,21360215
67800,11168712
68646,246120986
68931,76130093
69113,181674817
69281,243006126
69293,30002758
69895,54806823
69947,159330280
69762,424208848
70047,441306145
70608,321669741
70511,96822421
70643,55060212
70666,414351546
70698,105011053
70707,18344729
70735,118890272
70948,109115308
70849,36182181
70917,38805380
71110,100489151
71402,49562710
71222,18529730
71455,79666653
71746,47386287
71771,191466556
71577,353642274
71877,352794081
72271,107363905
72281,132274484
72431,86273333
72308,116000000
73312,20123742
73195,471411300
73440,1029721
73705,701729206
73707,773350147
73747,103370127
73631,25852764
73812,10514
74156,35294470
74285,84790678
74751,556906378
74811,40492652
74958,23690757
75005,119974972
74899,127420861
75612,216601214
75148,155929020
75265,436188866
75648,100489151
75686,38287178
75925,28121100
75784,50750000
75860,306889114
76054,160846332
76504,335062621
76150,48623572
76162,141861243
76590,10777375
76740,6014
76759,538375067
77355,182057016
77402,102278712
77416,49074379
77451,39439355
77588,123726688
77631,396271103
77651,47160000
77681,70009308
77713,1278650
77742,10432366
77745,40170558
77766,471411300
77869,897690072
77889,46733235
77914,87423861
77928,35000000
78087,83188165
78346,300451603
78504,25407411
78748,106285522
78767,107516369
79261,15313606
79501,375658750
79522,449326618
79540,243006126
79638,579707738
79714,1027082707
79817,173567581
79871,193921372
79944,52223306
80009,549368315
80130,67062123
80339,83453539
80354,339379
80569,45719985
80661,31899000
80716,77211836
80749,46201432
80923,220021259
80979,4017462
81114,671382
81353,76182388
81383,57197876
81505,46998772
81554,10389003
81573,108185706
81698,11715321
82031,48147945
82096,246120986
82186,493214993
82198,63523283
82269,89520336
82348,148675066
82484,20962615
82495,255614941
82694,375658750
82782,100734718
82869,7034698
82933,85446075
82971,389925971
82979,40382659
83131,104545505
83169,701796444
83190,173965010
83511,2797501328
83564,136853506
83658,259334548
83739,24959607
83943,40445129
83944,125212904
83987,193772504
84335,82087155
84516,95437994
84522,1033928303
84827,400063852
84726,78912963
84934,27639579
85210,426505244
85382,30987695
85404,552639571
85701,694394724
85811,204313400
86022,93621340
86154,32041845
86200,63541777
86216,2494480
86250,115695182
86425,108423749
86525,17343596
84777,59371303
84787,31505287
84805,177200000
86873,92455742
84809,122126687
86879,204681899
87015,623726085
86960,119208989
86969,201858461
87056,325286646
87075,4389334
86993,136333522
87089,25928721
87182,30925690
87277,80039064
87469,333107271
87538,359126022
87800,115695182
87909,100129872
87985,50950296
87995,213928762
88024,87528173
88172,328718434
88247,78371200
88763,381906762
88846,483866518
88930,101209702
88944,321457747
88979,43980821
88993,5000000
89003,49562710
89013,320290989
89114,119682635
89155,654264015
89175,41002607
89469,356700357
89560,351583407
89881,4164283
89885,2023414
89927,131095990
89941,167805466
90329,66899242
90583,50445860
90605,381509870
90756,8618766
90859,302469017
90887,43095175
90888,61141030
90966,62134225
87332,296187079
91159,300854823
91203,15843608
91217,320290989
91223,208076205
91369,83850267
91445,55181129
91495,17356268
91538,141337989
91670,7248490
91763,138545632
91867,21041453
91875,9380029
91886,1500000
91954,2850707
92076,107363905
92099,32168970
92563,17186348
92610,38026103
92618,741847937
92644,119208989
92666,22942221
92675,33542457
93058,46357676
92890,214577242
92925,209196298
93075,133960541
93185,525687703
93378,218791811
93409,285444603
93493,3752428
93603,441809770
93512,466364845
93605,3369307
93578,366101666
93677,154649125
93693,91244913
93793,173469516
93773,160542134
93870,53425389
93886,340487836
93894,38122105
94035,31198531
94291,134748021
94715,218340595
94737,133440870
94625,18948425
94894,52090187
94919,43095175
95016,388156011
95174,897690072
95488,1189315
95583,671382
95800,203509374
95953,354825435
95956,189015611
96061,325286646
95963,370541256
96438,329803958
96446,190213455
96320,216614388
96764,8083123
96874,332500002
96895,411508343
97138,19075720
97235,16549477
97428,296187079
97240,4729352
97441,60040976
97493,69721966
97499,10161099
97637,65716126
97576,474171806
97733,285444603
97770,131095990
98141,54700105
98084,113118226
98320,95696996
98354,1153337496
98546,579707738
98575,47386287
98663,25407411
99077,160112671
99088,245077583
99165,15691192
99012,299820798
99422,162738726
99423,388156011
99348,424208848
99582,45158254
99785,476684675
99653,505703557
99800,19438638
99810,200512643
99938,201957688
100029,24271196
100142,2960492
100157,246999039
100201,213525736
100263,76347426
100403,160542134
100405,463406268
100485,13004504
100502,242688965
100507,155929020
99726,4770222
100514,80693537
99740,353133898
100758,201965915
100802,358372926
100814,10307987
101026,1005973645
101272,191502426
101316,50023780
101507,57529070
101414,1264434525
101453,15565363
101516,363258859
101587,179033791
101745,448906865
101786,4603929
101829,22605153
102057,300854823
102005,7434726
102059,26351322
102070,17218080
102250,203388186
102138,218340595
102175,43882682
102293,68673228
102303,4102526
102492,59489799
102614,39673161
102526,47624353
102685,133718711
102558,8479793
102782,2807854
102803,46704056
102926,272742922
102943,1228108
102945,174999005
103130,595802
103247,34793160
103594,7191399
103596,55405035
103639,1050693953
103644,106285522
103759,10606422
103767,321457747
103772,352927224
103776,266892996
104029,122444772
103859,131052444
103874,215862692
104070,149022650
104231,137783840
104237,78382433
104257,243240178
104412,177395557
104438,35208854
104868,50752337
104691,75505856
104692,32100816
104940,32574382
104694,132440069
104714,285444603
104990,2819485
104815,98769390
104839,45500797
105104,303144152
105271,50950296
105112,178051587
105121,31347154
105378,2735731
105399,8359717
105226,2502551
105415,112343513
105236,2913644
105435,32170399
105629,1073394593
105698,10667893
106226,32255440
106582,255000211
106611,154856263
106673,51339567
106918,132440069
106941,11146270
106950,6739141
107151,6265311
107156,6933459
107206,176997168
107362,137298489
107290,1033928303
107302,448906865
107315,300854823
107497,299820798
107529,97076152
107616,22549338
107756,65470529
107653,257938649
107818,206678440
108122,686846
108160,227927165
108002,151572634
108162,236412453
108171,547426372
108186,310650585
108188,16468343
108101,25842377
108211,96976270
108333,132274484
108358,58834384
109254,119208989
109444,215887717
109445,3151130
109456,19726050
109370,163971
109635,214015089
109676,28735315
109686,247275374
109707,5887457
109759,1264434525
109830,678226133
109831,245700832
109836,112006296
109936,1005973645
110005,3049135
110081,164729679
110099,26381221
110213,966554929
110265,418961
110357,1063611805
110367,216601214
110413,24271196
110475,250288523
110478,7942116
110570,155457327
110613,59489799
110632,50283563
110638,311605581
110678,155712077
110771,180419276
110889,78309505
110912,213928762
110955,76182388
110989,38087756
111070,190539357
111127,7820688
111149,2079569
111161,28817291
111201,408247917
111255,170362582
111257,350448145
111280,118071125
111400,16487349
111438,1431406
111503,378882411
111512,11555430
111667,320290989
111742,32586408
111756,25052000
112384,26236153
112401,30303072
112431,69131860
112442,426505244
112462,336567158
112471,5987386
112508,26488734
112553,50752337
112573,213216216
112579,182016617
112641,616502912
112681,127944208
112688,94019120
112697,66468985
112715,374565754
112760,10017322
112817,1066179747
112851,98769390
112864,366101666
112883,68792531
113118,28215918
113189,372234864
113243,19652057
113247,180563636
113277,229930771
113326,32392047
113409,8924549
113451,18914307
113481,19075720
113492,113493481
113497,262821940
113537,56070433
113540,7412216
113799,89456761
113957,76669554
113987,13681765
114168,76419755
114214,18636537
114287,262511490
114319,53696278
114323,208076205
114345,10382407
114367,24152155
114369,441306145
114508,358372926
114558,7959291
114614,4064495
114709,1073394593
114814,23341568
114898,264218220
114924,182057016
115433,183611771
115561,19322135
115678,151669859
115693,76182388
115697,66200782
115734,560069
115783,141407024
115798,102825796
115862,154906693
115964,98410061
116095,153383627
116168,46152800
116191,26404660
116209,231976425
116213,242295562
116231,87135520
116250,141047179
116277,631607053
116282,60611975
116287,54249294
116322,4324817
116361,295493
116367,25837111
116477,4770222
116483,41205099
116493,26570048
116583,325338851
116629,817400891
116630,136836272
116669,58620973
116695,273552592
116705,129832389
116722,154608507
116790,13657649
116830,47267001
116908,89456761
117008,33459416
117038,11135803
117039,11135803
117060,694713380
117218,273961019
109504,18477736
109506,15134293
117407,822824522
117420,15681020
117500,335062621
109555,28817291
117571,173046663
109579,3103716
117603,41590886
117802,4555020
117665,59371303
117666,24444121
117883,549368315
117723,26960191
117894,86855739
117918,411002906
117998,494471524
117951,41681746
118073,21440752
118111,2923982
118749,43101594
118564,6330054
118751,79498846
118570,236225193
118571,315156409
118767,25804448
118771,50159144
118604,26570463
118607,44229441
118789,2300684
118617,32730062
118826,27642707
118689,251212670
118880,224012234
118884,171120329
118887,44862187
118954,10686841
119094,245676146
119099,146661977
119114,50605163
118998,176104344
119051,19370020
119142,32748995
119164,257938649
119173,156480177
119174,388998
119177,538375067
119190,174463257
119282,252712101
119336,1808004
119345,40002112
119250,1081142612
119375,113758770
119468,60527873
119395,159330280
119485,5684789
119396,39673807
119558,1071255
119654,445135288
119592,10541523
119664,150166126
119643,142940100
119668,25105255
119670,449326618
119675,25480803
119861,41230799
119874,110463140
119891,1027082707
119715,122417389
119925,17626234
119731,47160000
119942,52090187
119951,41230799
119791,66476363
119807,44480039
119822,314178011
120053,1310470
120070,14328
120082,173046663
120094,286801374
120241,1740156
120148,11841544
120157,14594226
120324,16316273
120177,87840042
120338,2201647264
120184,37020277
120188,107752036
120201,121214377
120363,1073394593
120399,28650575
120586,23875127
120587,171757863
120461,122823468
120591,553709788
120483,13717039
120484,185991646
120514,1635056
120596,36911617
120601,23106667
120611,259334548
120616,415933406
120620,10115013
120630,224834564
120631,98005666
120789,49805462
120791,46733235
120633,56709981
120646,28121100
120794,218613188
120797,8408835
120802,10019109
120804,102984862
120812,244721064
120815,482349603
120824,24690441
120832,103891409
120655,31429330
120834,23049593
120660,250849789
120855,448191819
120663,162242684
120863,98126565
120667,333535934
120866,136771683
120669,10680275
120679,56298474
120681,74558115
120877,20308772
120684,6451628
120685,524976069
120686,159710793
120689,286801374
120888,123306987
120693,934454096
120696,246120986
120902,69363381
120710,12017369
120903,296339528
120716,4956401
120907,2856712
120912,445135288
120913,2201647264
120738,136159423
120746,250288523
120751,50632037
120762,174804407
120764,36850101
122151,285444603
122459,36609995
120784,161626121
122690,151783839
122933,176885658
123209,27807627
123948,32686500
123755,101209702
123964,100541806
123865,191502426
124198,9898412
124298,40263020
124315,88545092
124819,648183
125022,57756408
124901,644783140
125439,363889678
126029,487853320
125454,26875268
125664,47434430
126604,19652057
126886,14902041
126916,46112640
127536,82150642
128332,32255440
128278,34105207
128445,17196103
129332,2062405
129167,23180087
129290,202292902
130121,54264342
130623,349822765
131325,98625775
131369,35242897
131857,62274780
132347,33461011
132477,34698753
132512,22365133
133093,466364845
133152,362211740
133240,110041363
134084,173046663
133751,40283321
133952,116672912
134154,635096
134273,96618699
134847,53187659
137338,6852450
138097,289317794
137363,41067311
137494,212404396
137523,101209702
138510,4152230
138704,609016565
138946,924036
138749,76432727
139134,76347426
139239,134403112
139362,1043262
139668,16649768
139414,56870414
139699,54294169
139462,118880016
140352,60289912
139809,18564088
141098,93900680
141109,34562556
142192,24493601
141926,701796444
142688,58401898
142342,234801895
144084,34266564
143145,361832400
144117,30471
144120,50688658
144168,162738726
144640,10570375
145487,825025036
145503,101058954
145531,89446268
145893,4398989
145681,151493655
146309,66579890
145734,3970078
146316,160099222
146675,211989043
146336,72527595
146838,100230832
147612,236412453
146882,47126295
146984,39459427
149261,164648142
149691,23631929
149624,18133495
150377,177841558
151137,66976317
151804,10828256
151738,84565230
155267,124305181
152930,71255003
154420,15014674
154421,76196538
155776,3117085
156812,35547761
156934,74608570
157472,38793283
157503,10571408
157583,103911669
158811,22323612
159097,10410044
159273,91753202
159365,173013509
159382,38068353
160009,40400425
160184,6632383
160399,8694320
160797,71732303
160916,58900031
161081,291420351
162222,429632142
162346,8764007
162650,21360215
162661,206071502
162677,19288130
162973,61749765
163025,368780809
163187,309460292
163651,235483004
163978,144056873
163983,40443010
163988,16797191
164052,190213455
164108,11670561
164114,22593409
164181,21142914
164184,193921372
164212,1308242
164334,105178561
164538,86369815
164912,300135367
165546,85120254
165710,4217115
165854,3325736
165929,91036760
166485,113996937
166943,14936407
167190,55065289
167404,672806432
167427,30636478
168501,72835710
168786,23367586
158493,311605581
169547,356296601
170016,345573032
171433,59945183
172156,273339556
172396,10827816
172495,465380802
174480,90726668
174856,73956241
175142,78378744
175880,48451803
176783,12591270
177789,90683916
177858,1670516444
177971,328718434
178868,249348933
179098,10011050
179626,147332697
180073,63541777
180734,44102389
181316,117758500
181689,358372926
181865,134866593
181875,47386287
181984,28780255
182789,87423861
183523,110983407
183649,97837138
183659,151669859
183869,71255003
184791,701796444
184858,32168970
184894,99274467
184907,62464731
185014,33426588
185371,42593455
185431,58292295
185937,248639099
186045,15910104
186151,68106245
171580,29364989
186894,53425292
186566,128884132
187078,237202299
187393,215294342
187738,155010032
189584,3728888
189192,16176732
190332,213525736
190419,46357676
190138,106371651
190865,215663859
191754,67448651
191397,50054511
192071,19900366
192255,27965865
192111,13127022
192614,50802120
194314,340487836
195234,28741330
195945,59827328
195685,256271286
195714,112880294
196857,8678812
196216,29934477
198021,40863718
196229,60780981
199753,33463969
200071,15001776
200550,113916474
200654,173469516
202677,13200972
202402,9902115
202470,91720255
203009,184935320
203019,82343495
204626,47267829
204175,25850615
204946,90449929
205873,549368315
206634,70595464
206314,36642838
206420,10194274
207201,374111707
208874,22428990
208092,60845711
209144,40047078
208988,19412993
209163,443280904
209475,94728529
209958,104155843
210945,136771683
210065,115171795
210070,943625
210616,26385941
258470,5007898
212338,330444045
212346,212742720
212985,351692268
213149,449220945
213790,13743212
213847,28817291
214388,130126277
215129,119754278
215750,96976270
217505,193772504
217630,18404706
217756,12452362
217869,248118121
218553,249348933
218839,20789556
218922,35402320
218967,124745083
219699,58980521
219854,34758951
219965,67631903
220580,171120329
221027,83282296
221073,701796444
221218,23619609
222012,398479497
222851,43474578
223897,55707411
225071,29715606
227005,134866593
227445,114252154
227538,147934180
228750,62761005
230030,90383208
230600,209947037
231775,71186502
232500,207305509
233422,264105545
233469,78382433
234215,741847937
234354,2534372
234829,19772447
235198,100230832
236348,14866015
236493,147845033
236784,28008462
237534,70752904
237572,29419291
238546,45479110
238552,122444772
238883,25804448
238936,41037742
239948,26086706
240200,54683487
240510,29882645
240900,6413915
241025,19463185
241303,152699976
241760,31167388
242193,55181129
242445,79958599
242653,427344325
243664,226349749
243862,16350876
244244,147080413
244316,1081142612
244970,38689940
245562,77628265
245686,30987695
245803,37713879
245844,75395048
246460,431971116
246464,8493890
246578,6981586
246677,218122627
246989,23430766
247199,1309316
247425,44763181
247638,165335153
247745,23182223
248126,11334547
248667,87812729
249462,109283018
249478,54249294
250224,19937988
250323,28121100
250494,141774679
250687,466364845
250797,119137784
251075,98376292
251160,102244770
252076,154906693
252299,2300684
252501,30919415
252503,28510652
252866,235483004
253474,120072577
253556,82150183
253798,14782676
253867,69319426
254686,120072577
255067,897690072
255589,327333559
255819,29381649
256103,140807547
256276,85446075
256380,141069860
256415,180622424
256524,18914307
257044,181001478
257076,207725639
257106,78378744
257360,105834556
257756,63781810
258000,197079546
258038,3313583
258068,27674124
258153,408247917
258463,214034224
259288,52323400
259324,228738393
259393,219851172
259446,368744044
259711,203388341
261289,20146150
261392,33788161
261983,49396747
263488,59371303
263757,44617342
264323,225508210
264395,352927224
264464,352114312
264472,94935764
264508,352927224
264616,17423030
264761,10013424
264796,23903791
264935,56714147
265086,172989651
265298,52970014
265349,55305279
265459,52223306
265662,80693537
265666,71444482
266452,8382938
266465,44350926
266489,19322135
266543,940352645
266915,244721064
266987,143049560
267287,286168572
267913,275650703
268126,32801173
268380,383257136
268695,123729176
268978,316791257
268995,37317673
269095,29676703
269347,46061847
270288,33013805
271027,64437847
271367,45867333
272020,27642707
272152,65001485
272207,12633747
273435,2743336
273517,33988736
274166,160466000
274558,108846072
274812,108902486
275083,11670561
275719,126069509
275773,225508210
276751,130549455
276816,120455994
276919,16689283
277027,196114570
277296,180630907
277371,66468985
277434,115374915
278295,26306533
278435,51806184
278488,31283740
278504,113758770
278731,825025036
279064,482349603
279111,12923936
279113,16860964
279331,12150301
279781,12517488
279889,24516772
280380,13414416
280460,38068353
280486,66200782
280590,171269535
280653,1009281898
280707,87754044
280760,6919198
281322,14946150
281358,47494916
281364,18012097
281373,115035090
281820,5756945
282120,60694737
282687,16872671
283003,84785914
283026,34411240
283139,21672284
283832,50007546
284490,77885672
284978,42931041
285175,371000
285531,81240406
285823,98769390
285861,1271244
286106,408247917
286261,2845696
286716,245285165
286751,177584879
286788,50732139
287978,179179718
288477,68349884
289635,2561820
289765,209196298
289848,55003135
289879,96822421
289992,38955598
290002,522657936
290095,104391623
290334,296339528
292644,11832822
293508,154649125
293564,244721064
293662,43928932
294357,11705002
294870,31670620
295178,296938801
295289,17432163
295297,879602366
295700,28650575
295701,277448382
295721,71255003
296572,115900534
296574,6415017
297181,51386477
297884,29027914
298130,249348933
298148,487853320
298203,66308758
298228,41062976
298814,73498611
298845,23875127
299658,306776732
299977,177395557
300051,35492921
300471,88323487
300532,51843679
300556,43935763
301470,59371303
302674,273552592
302886,87135520
303361,353133898
303714,77063924
303816,30553394
303933,57588485
304141,797361618
304415,141337989
304669,190539357
304711,942172396
305224,195745823
305669,164729679
305711,101564935
306047,78378744
306841,55534455
307453,374583879
307479,30002758
307901,853983911
307987,76490720
308383,22954068
308506,62274780
308644,116650613
309377,31794718
309593,112880294
309698,90259536
309820,29632684
309987,24152155
310203,701796444
310357,8564586
310910,23014206
311289,71406573
311429,179265204
312549,9439660
313443,55495563
313542,80154140
313737,199043471
313792,13585075
313911,58795814
314331,245203167
314353,86468162
315297,40954603
315327,484592874
315733,60427839
315983,16763804
316356,68296293
316396,121975011
316465,53293628
316654,825025036
317219,461991867
317303,164433867
317648,108040622
317705,631607053
317740,176070171
318155,68514844
318649,119240351
318974,25819961
319061,123218424
319262,552639571
319343,223853736
319970,84790678
320661,218122627
320691,95708457
322330,160846332
322589,62228395
323033,30031874
323939,459098
324127,11416075
324216,107363905
325055,286801374
325537,38620484
325655,131940411
325710,454627263
326905,10777375
327056,156595191
327137,48260279
327162,103370127
327247,26170671
327597,124596837
327679,27388767
327850,80981914
328107,130834852
328538,10128960
328589,58878723
328828,232722935
329575,148336445
329717,51142659
330229,32450241
330373,896678241
330793,54700105
332047,50605163
332136,102854431
332280,117815157
332375,10275509
332379,131095990
332452,497409852
332658,5175215
333766,35825316
335245,76665191
335266,118686937
335345,612054506
335559,21513434
335563,1025468216
337563,1033928303
337578,1230933
337876,23925492
337909,93400759
337917,16951702
337921,57678321
337978,388156011
338013,74036715
338077,5141166
338094,182290266
338309,42593455
338337,117248958
338348,314215454
338427,20358624
338526,300157638
338751,213719942
339135,83282296
339291,211468235
339412,55405035
339579,493214993
339840,76514050
340855,58469210
342258,50871113
342735,674918
343135,178311729
343818,709709780
344854,108605609
345061,147332697
345950,141067127
346094,68296293
346156,57947036
346491,167298192
347332,340952971
348121,10870198
348150,391081192
348333,18637690
348593,6715067
348836,141591324
349205,190538630
349683,203567857
349825,24740061
350258,123971376
350261,18618284
351283,746921274
351977,57223890
352248,108539911
352277,18611951
355295,105316267
355702,13411957
356150,22605153
356470,70067909
356614,56714147
356618,117592831
356680,92884429
356721,20094909
358082,262511490
358135,170128460
358273,186797986
359423,1644653
359950,188133322
360009,1844917
360139,12313323
360201,41682237
360486,230884728
360717,556906378
361620,12313323
361696,14867514
361748,321457747
361841,22035509
361925,14615099
362120,78378744
362227,219100084
362269,17050017
362270,34809623
362478,33334176
362526,99775678
363547,102278712
363988,92913171
364045,65470529
364343,167298192
364385,187281115
364751,73029190
364970,72109200
365485,17356268
365686,3284444
365737,93974620
365830,13939963
365847,159808370
365885,28237488
365907,58834384
365929,17976667
366548,384336108
366780,866999
367027,686846
367089,11098131
367479,62657868
367594,474968763
367631,1009281898
367882,790653942
381971,69865924
368008,96105910
368447,256697520
368709,52164016
368891,347512318
369339,220239925
369436,164112721
369441,204681899
369610,1670516444
369735,155457327
371246,55470154
371257,149542245
371606,314432837
371746,585796247
372183,290835269
372237,56666667
372532,47096206
372784,1005973645
373051,244232688
373074,631746197
373283,1310470
373450,3487678
373469,15785148
373883,47160000
373889,942172396
373926,162944923
373981,8408835
374900,46138887
375063,109706931
375173,35060882
375568,39886986
375611,329398046
375679,98410061
376108,17492014
376127,9333654
376136,30134958
376541,115505027
377062,35021497
377092,130126277
377107,14189860
377471,95763716
377818,111069515
378072,186053725
378284,36869414
378793,178127760
379725,49327405
379786,40445129
379865,41319039
379889,21560182
380066,256697520
380510,93621340
380599,42580321
380623,19770475
381061,616502912
381707,113100873
381849,162242684
381966,16478265
382625,760006945
382932,623726085
382992,79268322
383010,54819301
383216,164115897
384116,178062759
384286,32586408
384537,100605135
384680,19126398
384793,38623262
384806,107516369
384819,1045713802
385752,372234864
385880,141861243
385887,18477736
386117,100140916
386140,142400065
386588,371594210
386741,1831348
387131,82468097
387514,67937494
387564,103911669
387877,49332692
387898,525687703
388419,96593018
388482,43928932
388795,178062759
389557,26768563
389790,293514336
389860,240685326
389957,4165675
390022,61950770
391198,187281115
391304,42886719
393109,493311825
393162,76669554
393597,29725663
393635,108902486
395251,38075318
395495,16162580
395699,198636868
395972,25211175
396269,288467645
396752,93251121
397065,68766121
397101,93983911
397313,120455994
397535,162242962
397619,180906076
397892,309979994
398017,57479076
398165,191466556
398286,592462816
398712,35294470
399095,163247198
399146,61385065
399201,162949164
399295,72617068
399327,49074379
400717,200811689
401085,238539198
401445,42269923
401729,284139100
401792,158733820
401815,206871
401997,157761002
402022,53321673
402399,49334775
402850,541840
402901,794481
402910,27405896
403508,42013878
403702,19651093
404032,145166804
404203,14821658
404390,9380029
404978,90335025
405094,77356942
405159,216763646
405325,86369815
405469,102338515
405821,12636656
406759,20000000
407304,603873119
407621,47488536
407887,291465373
408306,130982129
408345,791217826
408524,34252847
408985,43451846
409182,181674817
409345,68267862
409459,185382813
410297,114830111
411061,240031274
411267,161849455
413099,174440724
413267,813367380
413300,825025036
414852,213719942
414853,116755080
414951,27674124
414982,112880294
414993,16468343
416044,26527510
416212,39952437
416236,164170327
416320,85638656
416496,67631903
417001,58231520
417148,62022014
417217,30526509
418689,65900249
418763,97076152
418773,232372681
418819,47074133
419294,12045362
419706,58072119
419749,2636637
420223,53653224
420238,86957280
420251,897690072
420332,6887221
420509,634208384
420609,47386287
421054,96822421
421073,66476363
421082,86081711
421206,41480851
421238,32443111
421239,96258201
421715,335802786
422091,58072119
422093,50652203
422320,121550750
422720,60917189
423866,408430415
423977,5254986
424095,178281554
424345,26986174
424880,3117085
424993,38395414
425061,230685453
425123,102854431
425333,86086881
425413,33478921
425430,55060212
425637,108423749
426459,8708
427152,86855739
427229,130224158
427392,40170558
427470,5371181
427944,39323027
429493,133960541
429573,29612137
429589,55181129
429591,22989957
430308,46563961
211933,32730062
430634,211468235
430922,92649419
211938,15471969
431021,43016528
431197,87019158
432047,619179950
432637,18041250
432348,164874275
433362,51417188
434139,15852401
433386,187281115
434409,132511035
433416,20354321
435623,982814
436331,18245244
435651,66980456
435670,143151000
436339,292817898
435705,59827328
435761,1073394593
436697,426074373
437405,300451603
437179,18707966
437800,18948425
438488,371353001
437863,64962629
439662,62788218
439815,12834936
441048,58072119
440803,294805697
440963,444100035
442933,196393745
441773,631746197
443272,275293450
441909,381906762
443274,152039882
443649,269784201
443680,15001776
443496,320290989
443706,84785914
443543,87892388
444182,183936074
445620,3579902
445934,145710347
445990,161459297
446013,30984583
448011,183658498
448115,365971656
448694,554987477
448124,31439140
448134,101058954
449010,250425512
448157,629443428
449059,101058954
449061,205754447
449089,87528173
449851,5728213
449951,182016617
449487,303144152
450188,115350426
450232,213928762
450259,171720398
450340,135710029
450278,81979826
451279,822824522
451079,298572799
452594,12544254
451833,25211175
451850,174024999
452598,190538630
452608,76014335
453467,180557550
452623,34612443
452637,72785169
453556,95802916
452702,35442935
454824,17858059
454841,70009308
455326,5520368
454848,186003591
454876,609016565
454921,307127625
454970,278780441
455407,54806823
455824,211787511
455590,48618191
455857,67062123
455944,192330738
455760,22382047
455967,68844775
456396,46998772
456470,123218424
457275,32041845
457400,68777554
457572,370541256
457430,83850267
457510,99255460
457939,205850134
458352,326706115
461770,340487836
461936,39439355
462200,10907485
462322,25422088
462465,7034698
462499,125212904
462338,11772461
462519,24470583
462538,536414293
462590,140470746
463998,43095175
465142,16656103
465494,176600207
465502,30893885
465580,48858618
465602,95696996
467197,87066930
467200,78201830
466856,21170563
466893,564864
467406,232372681
466909,119974972
468565,177200000
469263,11130889
468569,1005973645
469494,76182388
469903,9808124
469641,163247198
470705,21500813
471042,152930623
471571,15852401
472043,120673227
472181,563749323
472198,44420167
479884,42931041
472399,76130093
473308,66899242
473356,524028679
473753,13042112
475169,485004754
475276,76700659
475293,252909177
475723,19319671
470752,36869414
477071,84297309
477347,363204635
477078,763578
477080,167805466
478304,58409247
478311,219922417
478970,519311965
479143,155929020
479528,1056057720
479997,91627228
479751,85120254
480249,585410052
480255,29397654
480687,86157237
480269,223664608
481499,587235983
481369,77677553
482463,12083296
482571,109676311
482572,31200557
482599,294805697
482606,82410456
485947,55405035
485985,50365498
486576,301913131
486655,137515140
486822,118114220
488120,25422088
488658,21949234
488798,26250020
488414,579707738
488988,701796444
489270,164874275
489281,11212953
489049,64626786
489099,225132113
491152,65100369
490086,120556201
490204,22242388
490215,22382047
493949,27293743
493405,26800152
493430,84645164
493464,342463063
494238,62803180
497915,61749765
498380,68673228
497986,314432837
498399,55033767
498097,173469516
499375,12069719
499262,28817291
499549,2847246203
499556,67179155
758771,218340595
758774,115900897
763831,22044277
762073,33478921
762121,46432264
762125,362211740
765429,269755430
765010,43474578
765446,74939189
775489,87892388
770772,13369768
770802,1670516444
770828,668045518
779982,66200782
775539,75511123
775552,57881056
780504,77187281
783532,421593
780521,267045765
784972,1035056
780567,22985194
780571,48443734
780653,139789765
787474,108255770
787475,856085151
790623,180906076
790628,27437881
790636,55736588
790712,55060212
790724,218340595
790736,78324220
795351,28190603
795368,46789413
795421,611257819
796366,343471816
799954,182016617
800039,105833257
800069,37697773
800080,264770996
800240,32168970
800308,27712362
800320,493214993
800325,389681935
800369,449326618
803061,50950296
803096,439048914
804522,2847246203
804540,71255003
805526,10307987
805564,11293663
806203,174804407
808331,282175
808357,58469210
810784,14374652
810900,252909177
811080,93945766
814022,42487390
814075,87937815
814314,169748929
814335,31198531
814685,3369307
815178,7248490
815241,13639115
816258,896678241
816462,63523283
816692,701729206
816711,540455876
817177,4324817
822847,78309505
822854,95696996
824747,113398237
824758,20554320
825232,175372502
829150,217124280
829459,19008745
829482,170812526
830515,589580482
831387,524976069
837562,358375603
837563,113118226
838221,35310019
838232,164115897
838247,300228084
838283,128108211
839980,336567158
840361,154026136
842926,34758951
844471,274325949
851577,162949164
852713,70439696
857191,362211740
857265,243006126
858486,43980821
859635,23182223
861689,19844979
866439,106407672
869994,226837760
870111,27426335
871426,64444713
873886,630162448
875034,54004950
875113,49074379
875595,127869379
878804,309208309
878835,4313829
879843,105734416
879870,204594016
880578,52933513
881320,108609310
882977,333760
884224,121214377
884328,57470220
884732,79799880
887883,163728902
887912,49259766
889573,49843011
889583,50023780
891527,64811540
892318,79293444
892767,9183673
892769,494879471
892791,752600867
892899,1500000
893402,365971656
896798,10337477
898367,27639579
899106,36088028
899128,384336108
901476,115375850
901487,44261209
905372,31505287
906108,60673972
907657,20936722
910936,101624843
910970,521311890
913354,22942221
918927,51699984
918940,356700357
926762,76700659
929425,347512318
929632,63649529
930083,90894962
935075,5144717
936501,226837760
942384,3741098
942385,195702963
944835,293503354
945513,147332697
947798,329398046
947802,44655002
947810,154711438
952640,365352546
953318,180622424
954947,4052191
955308,86493046
959337,75981180
960731,212874864
961108,6692182
962736,29196409
963178,60253843
964185,150166126
964516,180622424
964517,129190869
964539,1056057720
968264,15625544
970179,374565754
970411,17929684
970416,233093859
970866,310650585
971209,22955544
972883,199006387
974014,306515884
974661,145051197
975645,32041845
976051,108902486
976238,96753696
977855,25806953
978764,89792502
979434,24719879
985694,45491656
985699,201545517
986233,694394724
986263,122444772
988595,162655351
989757,114984666
990407,227817248
993842,63782078
1121096,114178613
993846,392000694
995039,27090159
995829,277448382
997152,216614388
999913,11168712
1000771,612054506
1000774,418765519
1001526,321885765
848228,1518815515
848537,268426634
1007028,42784344
1010048,378410542
1012804,2674090
1013743,261989769
1013753,54589558
1014759,1025468216
1014762,386041607
1014763,44907074
1016075,77211836
10161886,12448676
1017451,4681651
1017456,76014335
1017460,27127620
1018765,8527658
1018785,42013878
1020072,66787908
1020558,6890432
1022603,60800444
10228134,374565754
10230994,154856263
1023111,41627431
1023114,24172201
1023490,164508066
1024648,232325503
1024715,31505287
1025100,173469516
10272386,6451628
10276470,159814490
1027862,17635397
1028576,60321861
10288566,209196298
1029231,18041250
1029234,148675066
1029235,39233678
10309902,245676146
10310140,1005973645
10314450,259175788
1031969,8808935
10333426,16691303
1033643,219375562
1034032,694394724
1034303,51262751
1034314,15779455
1034331,79498846
1034385,74036715
1034389,37989684
1035736,50812934
10366460,136861392
1037705,157107755
1038686,746846894
1038919,136333522
1041829,317375031
1042877,8883644
1045658,236412453
1045772,20768906
1047540,119772232
1049413,735099102
1051904,158261424
1051906,143151000
10530176,111105497
1053424,18409891
1053810,8179416
1054606,61808775
1055292,105734416
1057500,122426792
10579952,11555430
1058017,32406507
1059786,178767383
1060277,172394180
10618286,130834852
10633456,940352645
1065073,48137666
1067106,325286646
1067583,117094902
1067774,39782683
1068242,80039064
1068680,223241637
10696896,47386287
1071804,62803180
1072748,78988148
1074638,1108569499
1075419,5461200
1077368,245527149
1078188,57615777
1078940,171844840
1082601,40812363
1082807,11084630
1082853,195745823
1082868,41319906
1083452,46152800
1083456,18599102
1084972,342463063
1086772,127994610
10895576,25480803
1091191,154802912
10919240,14821658
10919380,160846332
1092026,97984015
10954652,87135520
10964430,13414416
1099212,408430415
11003218,69131860
1103153,98159963
1104001,400063852
1104733,4770222
1109624,282377683
1111422,150166126
1111948,436755494
1116184,79493831
1117385,6014
1119646,469310836
1120985,15440333
1121977,5621971
1124037,25035950
1125849,44734660
1126590,39952437
1126591,89520336
1126618,60040976
1127180,90842646
1127896,9975737
1129423,33473297
1129442,43928932
1129445,174024999
1130080,41771168
11307814,50950296
1130884,294805697
1131729,36348784
1132626,68234154
1133985,219851172
1135084,80205382
1135985,18755936
1135487,78176181
1137450,49562710
1136608,210888950
1142977,81493846
1139328,60331447
1142988,321682600
1144884,186167139
1152398,43202283
1151359,1034214
1152836,214104620
1156398,102392080
11581174,43155261
1155076,359126022
1160368,169748929
1160419,30925690
1164999,316791257
1161418,118492
1161864,96560591
11651796,46733235
1166100,182016617
1167638,414828246
1172233,16691303
1172991,8087000
1172570,32392047
1172571,3905297
1174730,7878856
1173745,44907260
1174732,26096852
1175491,130834852
11750282,2819485
1175506,2336172
1176740,15779455
1179034,52844496
1179056,115695182
1179069,31355910
1179794,60738797
1179258,9368242
1179891,100734718
1179904,193355800
1182921,201965915
1182345,1123794079
1182350,36015260
1183252,152699976
1183276,942172396
1183374,23341568
1183919,201858461
1185420,897690072
1185836,825025036
1186367,61601280
1186830,39457342
1186370,173046663
1188729,20648328
1189340,86752352
1191111,775385
11905962,1153337496
1192628,245724603
1193138,166842739
1194173,276144750
1194263,10522511
1194417,1230933
1196141,76196538
1197624,127944208
1197628,26973554
1198101,73833415
1201167,71585235
1204975,134409025
1204342,165184237
1205558,86081711
1205489,269958228
1206543,15661554
1210819,260502115
1210166,110206216
1212419,106956330
1211837,677796076
1213641,105713218
1216475,461991867
1216496,106407672
1216492,32686500
1216520,274650803
1217070,897690072
1217209,538983207
1217613,211819354
1219289,161849455
1219827,169846945
1220719,190213455
1225822,10848783
1222817,169852759
1226229,91720255
1226753,45636368
1226273,81126522
1228705,585796247
1228987,411508343
1230165,8808935
1230448,180906076
1231583,211780824
1231587,64780213
1232776,2404300
1232783,27206120
1233227,68234154
1233381,69865924
1234548,69095771
1234719,50950296
1234721,242688965
1235522,34737199
1235189,3494154
1235796,1790061
1240982,28013733
1243957,278780441
1243974,26250020
1244659,15134293
1244754,11104555
1245112,427374317
1245492,126041322
1245526,199006387
1251757,754301
1247692,32170399
1250777,96188903
1258197,314178011
1253863,337580051
1253864,226904017
1255953,6813840
1258972,20546518
1261047,110041363
1262416,173046663
1263670,47405566
1267297,252712101
1270797,856085151
1270835,62274780
1272878,131940411
1273678,66166000
1274295,1009281898
1276104,176506819
1279935,152263880
1278340,96822421
12801262,458863600
1282140,75026327
1284575,216197492
1285241,39439355
1285016,224920375
1285309,7043835
1286126,232325503
1286537,15001776
1288558,97542952
1287878,83869818
1289401,296187079
1289406,10371451
1291150,201965915
1292566,112343513
1291570,589580482
1291584,23308615
1294213,5682554
1294226,89137047
1296898,25517
1298644,157563598
1298649,68267862
1300854,1214811252
1302011,631746197
1303828,44462
1305591,39233678
1308728,27506452
1311060,259334548
1314652,44287131
1315981,24964890
1316622,471222889
1318514,481800873
1320082,18663238
1320244,25051865
1320253,314975955
1307068,11681781
1320291,83869818
1321860,7294800
1321509,46789413
1321511,5186767
1321870,105200903
1322312,42059111
1322385,31676128
1323045,1281508100
1323594,543113985
1327773,177313795
1331307,259334548
1328634,193772504
1334512,148675066
1334260,9918093
1335975,151783839
1336006,532950503
1336608,59418613
1336617,9933873
1337057,428028233
1340107,13004504
1340138,440603537
1341188,48668907
1343092,353642274
1343727,41037742
1351685,197687603
1345836,1081142612
1349451,133031473
1352824,13657649
1355630,78274843
1355644,303144152
1355683,99775678
1365519,274650803
1366344,34942188
1369706,114178613
1371150,41296320
1374989,16457494
1375666,836836967
1375670,271457301
1375789,76014335
1379182,7942116
1385826,127869379
1385867,55611001
1386588,170458922
1386697,746846894
1386703,261317921
1386932,57470220
1389072,55003890
1390411,93920758
1392170,694394724
1392214,122126687
1396484,701796444
1397280,226837760
1398426,201634991
1401152,135710029
1403177,449702
1403865,252276927
1403981,56032889
1407084,2648195
1408101,467365246
1408253,124608438
1409024,445135288
1410051,171844840
1411238,149228077
1411250,98337295
1411697,586764305
1411704,183954145
1412386,136836272
1413492,20529194
1413495,118114220
1414382,32054369
1415283,93251121
1417075,209947037
1418377,86273333
1421051,14788642
1423995,10300416
1424381,127233108
1424432,321457747
1430132,414828246
1430612,71416730
1430615,24740061
1431045,782836791
1431181,19722766
1433108,35626958
1435513,70067909
1436562,483866518
1438173,15471969
1438176,41002607
1440129,303025485
1440266,20123742
1440292,31676128
1440345,15779455
1440728,67876281
1440732,176600207
1441395,5866389
1441912,24172201
1441940,34737199
1441951,333535934
1446192,306941670
1446714,403354469
1448755,57084522
1450321,109906372
1454029,216639112
1454468,723192705
1456635,159710793
1457767,320290989
1458169,34814102
1458175,67448651
1462041,39984400
1464540,149878437
1469304,177856751
1470023,9322895
1470827,5060438
1477076,103911669
1478338,288383523
1478839,33766787
1478964,6206022
1482459,348840316
1483013,286168572
1483797,207305509
1483831,137783840
1485796,436755494
1486185,90260376
1486192,29699345
1489887,24959607
1489889,216972543
1490017,468060692
1498569,2518012
1499658,209838559
1502397,426505244
1502407,47160000
1506999,34513760
1508675,97594140
1509767,132274484
1512235,20915465
1517260,63365859
1517451,436188866
1521197,15395087
1521848,170458922
1523483,665692281
1524137,96262212
1524930,107228221
1525366,1066179747
1528071,415484914
1529572,595802
1531663,2820490
1532503,14311701
1535108,286140700
1535109,218791811
1536044,193355800
1536048,115374915
1540133,19561904
1542344,226837760
1547234,31083599
1549920,48330757
1554091,1863506
1555064,20529194
1558877,106285522
1559547,60052138
1559549,7266209
1560139,5186767
1560747,43411001
1563738,59389433
1563742,91244913
1564349,95943453
1564367,214945591
1564777,146661977
1568338,47636031
1568911,177584879
1570728,145051197
1571234,83869818
1578275,69721966
1582248,825025036
1582507,44287131
1583420,75055070
1586752,3338690
1587310,758411779
1568346,232617430
1588173,116980662
1591095,99557032
1591479,82499399
1592525,32948113
1596343,626137675
1596346,47120948
1596350,156491279
1596363,133440870
1598778,136515867
1600195,82087155
1598828,38084162
1600196,18658381
1601913,79781695
1599348,208076205
1602620,29664140
1605630,234989584
1605717,158733820
1604171,255589157
1606389,196114570
1605783,151669859
1606392,609016565
1606378,304654182
1606384,286801374
1612774,259334548
1610996,24271196
1613750,203388186
1616195,246120986
1615065,82966152
1615147,19504039
1615160,145418070
1617661,183887723
1618442,146936910
1619029,39673807
1620935,6698679
1620981,191502426
1621039,110387072
1621045,96070507
1623205,493311825
1622979,157887643
1623288,107139399
1625346,22939027
1629757,7942116
1630036,35497362
1631867,370541256
1634106,33542457
1634121,36599361
1632708,149542245
1634122,160078586
1637688,115505027
1636826,173469516
1638355,107045109
1637706,25804448
1637725,549368315
1640484,38158601
1640548,358372926
1643222,18160930
1645089,7871522
1645155,242295562
1645170,179379533
1646987,301970083
1646971,494879471
1646980,2848165
1647668,38483455
1649419,53873809
1648190,113231078
1650062,20915465
1650554,96188903
1656186,163348
1655442,133432856
1656190,208076205
1657507,71508440
1661199,542358331
1661382,44907260
1663143,11417362
1661420,309208309
1663202,532950503
1666185,55668698
1663662,411002906
1666801,43709744
1667353,183018522
1667355,62198945
1668191,6856989
1670345,351723989
1674771,49263404
1675192,3741098
1679335,346864886
1677720,582893671
1682180,12077441
1680114,65716126
1682181,55181129
1690953,543113985
1687901,38356892
1694020,41863726
1691917,239258712
1700841,140705322
1702439,97594140
1703957,102992536
1706593,126636097
1711425,269994119
1711525,114501299
1712170,34618867
1713476,236412453
1712261,39673807
1714915,7609187
1714210,271457301
1715336,90449929
1715873,187733202
1716777,12558931
1727776,16137046
1727824,911100727
1731697,1544989
1735485,1532
1734493,219922417
1735898,396592829
1741273,34854990
1742044,67647013
1743720,698249
1745787,144056873
1747958,2760
1748122,68264022
1756799,552639571
1757746,10848783
1758795,3909596
1758810,43155261
1758595,30925690
1758830,126041322
1764651,314975955
1764234,37930465
1772240,26236153
1772288,10835752
1778304,193355800
1777034,76700659
1780798,115103
1781922,155712077
1781058,119483446
1787988,109906372
1790864,348319861
1790885,132820716
1795702,2193982
1800241,251171807
1798603,76490720
1798684,91970827
1798709,48517427
1800246,45640143
1800741,140470746
1800302,111231041
1802197,76665191
1809398,161459297
1814621,18637201
1817273,47052899
1821480,70752904
1821549,27682872
1821658,120885527
1821694,199006387
1823664,136853506
1821700,294805697
1825157,2848165
1823672,102811889
1826590,50445860
1829012,612054506
1833673,58072119
1839596,91720255
1840309,288885818
1840417,15950164
1841642,99557032
1846589,31676128
1847731,50752337
1850397,173965010
1837703,9058564
1850457,105011053
1838544,34612443
1853728,426074373
1854513,183018522
1855199,55078146
1859446,10828256
1856101,259334548
1860213,94073028
1860353,282570682
1860357,121790373
1869716,1027082707
1872194,84419388
1878870,19370020
1881002,273552592
1891755,180906076
1907668,161772375
1904996,46922566
1905041,1515341399
1911644,111105497
1911658,373515621
1915581,167739961
1921064,117831631
1921149,521311890
1922777,82515113
1924429,24261569
1928330,294805697
1929263,101982712
1931435,46522137
1931533,32226382
1939659,84790678
1937149,47347283
1945084,654855901
1950186,225508210
1950235,42426912
1951261,362000072
1954315,103215094
1956620,126069509
1961175,67234188
1964418,209035668
1959490,359200044
1967545,20275812
1966566,96976270
1972779,38609668
1975249,145358062
1977895,427344325
1979320,96983009
1979376,1073394593
1984153,460435291
1981128,221600160
1981677,115350426
1985966,243006126
1985949,352333929
1989475,426074373
1987680,125856180
1990181,252276927
1996310,861057
1999890,18160930
1999987,157761002
2004420,270665134
2006295,466364845
2011159,54323210
2015381,773350147
2017020,347545360
2023587,61105744
2024432,173965010
2024469,222809600
2034031,84384002
2034800,334933831
2039338,45158254
2039393,39280992
2040560,94019120
2053463,2216
2058673,133718711
2059171,327333559
2059255,157761002
2063781,296187079
2066051,195179299
2070649,619179950
2072233,227927165
2076298,57470220
2080374,34441873
2082197,184925486
2083355,72835710
2085910,155712077
2088003,177427090
2091478,224012234
2091935,41002607
2094018,226837760
2094064,22549338
2096672,169837010
2096673,858848019
2097307,16816647
2101441,32170399
2103217,671382
2103281,710644566
2105044,225508210
2106361,161502194
2106476,307127625
2106651,880681519
2119532,180563636
2119543,131523093
2120120,244874809
2121382,278780441
2126235,579707738
2126355,473990832
2126357,72294066
2131532,236225193
2139881,53873809
2140379,31807156
2140479,155160045
2170439,209838559
2172935,7975812
2177771,156706638
2179136,547426372
2181831,329398046
2183034,45681062
2184339,89328627
2191701,271457301
2193215,71009334
2199571,71561644
2203939,196710396
2209764,103039258
2216240,150166126
2224026,386041607
2224317,176506819
2226597,62832209
2229499,39439355
2229842,128799509
2231253,8564586
2231461,428028233
2234429,1033928303
2235695,538983207
2239822,225973340
2239832,70181428
2241351,93282604
2245084,657869686
2247476,30138754
2249221,236412453
2258337,321885765
2258858,40445129
2261331,142940100
2262227,99783556
2271563,8704851
2267968,631746197
2267998,369330363
2268016,117813057
2274648,99378985
2278388,172945750
2279339,42426912
2281587,80383113
2293640,1159444662
2296777,90497778
2294629,1281508100
2299842,235483004
2302755,170270201
2302966,173930596
2305051,222104681
2312718,48449416
2315582,244721064
2316411,250849789
2318092,34718173
2333784,314975955
2334879,205366737
2345737,2510007
2345112,135503748
2345759,415933406
2347569,267045765
2345567,98268458
2351310,193772504
2357129,42128352
2357291,483866518
2358925,14431253
2361509,194564672
2364841,62675095
2369135,203277636
2372678,146661977
2372222,371000
2377322,87937815
2380307,50812934
2379713,880681519
2381111,18477736
2381941,158762963
2382396,50632037
2387433,27858103
2387499,29918745
2388715,44459951
2387559,53120346
2388771,87135520
2397535,248118121
2401878,5659286
2401097,237382724
2402927,325286646
2403021,12666449
2404181,49779728
2404425,61619773
2404435,162360636
2404461,86157237
2404233,150680864
2404463,229930771
2404311,127994610
2404465,121214377
2406566,100014025
2431286,100129872
2436386,33213241
2446042,226837760
2450186,225508210
2446980,101134059
2452042,246233113
2471640,59389433
2479800,10686841
2486678,701796444
2490326,10920544
2494280,68296293
2503944,36606743
2510894,358375603
2515034,24177137
2531344,94019120
2537176,1278650
2543164,203388186
2545428,93920758
2547584,25975621
2543472,822824522
2554274,74679822
2555736,85978292
2557490,87189756
2556308,205850134
2561572,111711453
2567026,299820798
2571140,78844582
2582496,9074749
2582782,37879877
2582802,49396747
2582846,307166834
2584384,90335025
2568862,84918541
2637276,549368315
2637294,64780213
2638144,94061311
2639336,353642274
2660888,343471816
2671706,64414761
2669336,43069254
2674426,208314186
2678948,286801374
2679552,701796444
2702724,78844582
2692904,46563961
2704998,117679066
2713180,211822697
2709692,512492755
2709768,875458631
2717822,19652057
2719848,203427584
2726560,62944815
2752772,82515113
2762506,10828256
2763304,41681746
2764784,252442974
2776878,9995692
2771372,3485383
2798920,43070915
2806788,375658750
2823054,77068246
2848292,115350426
2832470,96822421
2852406,204594016
2854926,78130625
2869728,124608438
2870648,140795793
2872718,47398992
2872732,458863600
2873282,151572634
2882328,113916474
2883434,21833967
2888046,57470220
2883512,36606743
2891174,589390539
2884206,836836967
2905838,120072577
2908446,297002527
2911666,86081711
2918436,38356892
2926068,225508210
2935510,127461872
2937898,12007070
2948372,47120948
2967224,51380201
2980516,123726688
2980592,18191005
2980794,36642838
3001638,340952971
3007512,38176317
3011960,168406
3014866,99775678
3040964,966554929
3045616,47275717
3062096,220021259
3063516,151826547
3064298,466364845
3065204,320290989
3076658,173567581
3079380,235666219
3104988,238539198
3099498,746846894
3107166,173930596
3110958,351723989
3118452,40656399
3125324,14618727
3138782,24740061
3152592,275650703
3148502,97644617
3152624,140795793
3169706,31200557
3168230,524028679
3170832,155712077
3170902,31410151
3171832,5186767
3177316,35208854
3181776,31882724
3201640,1104054072
3183660,814044001
3203606,125212904
3208026,329398046
3216348,9037058
3210686,48035783
3231054,46771565
3224458,67760877
3228774,76347426
3247714,154802912
3263904,240797623
3276924,28510652
3281548,216601214
3289724,13061491
3289728,471411300
3296658,50023780
3296908,22382047
3297330,36642838
3300542,205754447
3300980,123306987
3315342,619179950
3316948,27262374
3316960,44779195
3319920,532950503
3322364,48623572
3322420,259334548
3322940,257579282
3327624,34718173
3332064,128388320
3348730,103911669
3352390,10975390
3361792,162944923
3369806,43967255
3387520,104545505
3387648,150166126
3390572,274650803
3395184,32170399
3397884,85120254
3402236,352794081
3411444,296069199
3440298,21127789
3450958,490719763
3460252,156480177
3462710,17768012
3467412,1104054072
3469046,543113985
3470600,634208384
3478962,461991867
3479316,20648328
3488710,61181942
3495000,8680109
3495026,28240000
3499096,76014335
3501112,32948113
3513548,43745542
3517870,93621340
3521164,40047078
3530002,52395996
3531824,85251425
3532216,134866593
3544082,187733202
3553442,24972139
3560686,112880294
3564472,140552359
3567288,98450062
3569230,356700357
3606752,461991867
3606756,631607053
3612616,415933406
3616916,78201830
3622120,154026136
3622592,85512300
3623726,41325328
3631112,173185859
3640424,119520023
3659388,630162448
3661210,549368315
3682448,165478348
3691740,195243411
3704050,56032889
3707104,93621340
3707106,3334927
3713166,62882090
3716530,103166989
3717490,142337240
3721954,96188903
3721964,569651467
3726704,11084630
3741834,140853810
3748528,1056057720
3754940,49327405
3760922,368744044
3758172,174463257
3766354,192330738
3767372,178127760
3774114,37357216
3771536,162360636
3783958,448906865
3774694,861057
3799694,62788218
3794354,319715683
3801314,133960541
3802576,43474578
3813310,209838559
3829266,160542134
3829920,26351322
3832914,73267874
3830162,836836967
3833480,6632383
3859076,95330710
3841424,1025468216
3848892,226945087
3850214,17986781
3850590,61548707
3861390,353284621
3862750,60273173
3881784,47398992
3864056,9932621
3882082,52425855
3896198,863756051
3906082,112006296
3922818,16080475
3966404,122563539
4009278,797361618
4005402,74679822
4025514,431971116
4015500,128799509
4034228,78988148
4052882,119100758
4073790,41142379
4103724,16376066
4116284,311950384
4120176,321457747
4126476,69518232
4131496,59371303
4154664,1128462972
4136084,49052787
4172430,226837760
4178092,58980521
4180560,70752904
4190530,18299138
4139124,20651333
4139588,314215454
4196450,16779212
4196776,415484914
4196848,464991
4218572,75984700
4226388,29196409
4225622,47160000
4244998,98203196
4257926,73983003
4287320,40656399
4302938,76249438
4309356,813367380
4298958,208076205
4326444,79293444
4341582,10367161
4357394,30426096
4364194,133031473
4375438,101209702
4383594,57814445
4387040,59945012
4411504,48517427
4419364,164112721
4463816,219100084
4463894,21360215
4468740,282377683
4481414,43069254
4481514,70439696
4486986,678150
4501244,118102725
4503598,271457301
4504044,21127789
4520364,8809407
4520988,1450026933
4530422,41657844
4532826,86493046
4537896,25957482
4560436,286801374
4566758,174804407
4572514,52185751
4575576,197744377
4624424,183388953
4630562,1236005118
4635372,286801374
4645330,288467645
4648786,43347017
4651520,183936074
4679210,259334548
4682786,88528280
4701182,467989645
4703048,67448651
4729430,190539357
4731136,26620002
4733624,35492921
4765284,115350426
4776998,12448676
4779682,530259473
4781612,18591272
4786282,148868835
4799050,47347283
4807408,10209813
4814290,84565230
4827558,52395996
4832640,98251790
4846232,34816824
4846340,236225193
4857264,55495563
4878482,20936722
4913966,123133739
4916630,50401502
4934950,93621340
4935418,35294470
4943998,782836791
4951982,23875127
4954522,2079569
4972582,278454417
4975722,65336603
5001754,252276927
5013056,527016307
5028340,349546142
5052448,255589157
5074352,203388341
5075662,77356942
5076214,1264434525
5085924,37930465
5093026,96822421
5097410,307166834
5109784,44516999
5113040,875458631
5116302,86081711
5117670,351496066
5121816,1264434525
5144174,76182388
5155780,8251071
5164184,209947037
5165344,191466556
5208252,17612099
5215088,290930148
5247022,30399490
5286444,119137784
5290524,35294470
5294518,157107755
5301662,10116816
5304464,236412453
5308322,125479266
5312232,9898412
5360952,32517248
5362988,43980821
5390504,23355100
5397194,15395087
5433138,181096164
5437928,243006126
5439796,48453605
5442430,100541806
5460276,39439355
5463162,782836791
5478478,81979826
5501104,353642274
5503686,157563598
5519340,14374652
5523010,173961069
5563334,33856058
5571734,164115897
5580036,66468985
5580266,34934009
5592878,201957688
5598292,314215454
5610554,240797623
5606664,72381712
5613484,47967636
5628302,106285522
5640450,249348933
5670152,134866593
5709188,208076205
5719700,37270721
5713232,201858461
5716464,157761002
5719748,76419755
5734576,43016528
5727208,50023780
5758778,304868961
5774450,19288130
5813916,33478921
5814060,365551694
5814534,171616764
5822564,15980032
5862312,32443111
5884784,786470484
5886046,155712077
5923962,131940411
5895028,39323027
5918982,85446075
5929754,102338515
5941692,15383580
5956100,87320000
5960374,1635056
5990474,7191399
6043142,5866389
6048930,257938649
6062774,141337989
6060156,72381712
6095472,147792047
6097798,98337295
6105098,1063611805
6133466,137056262
6139732,1050693953
6173990,111231041
6189022,146661977
6206564,13414416
6218358,47386287
6264654,295493
6264938,63945241
6265828,1951683
6266538,858848019
6294822,180419276
6304046,45457532
6306064,59945012
6324278,180289970
6334354,167327174
6338498,47267001
6343314,214215889
6359956,130560428
6378710,424208848
6394270,61404394
6398184,237860050
6428676,119559110
6432466,415933406
6450186,86086881
6452574,53873809
6472976,91527795
6484982,227927165
6485666,103911669
6476140,40445129
6499752,160542134
6495770,5103663
6513120,40812363
6527426,132820716
6537238,1025468216
6535880,74679822
6565702,252442974
6628394,31882724
6588966,371594210
6644200,340952971
6654210,33556631
6673612,245461797
6663582,75339459
6722030,36599361
6723592,195702963
6738136,13004504
6745550,26351322
6751668,258672393
6768578,31429330
6777338,404980543
6772950,95330710
6781982,103105878
6791096,94539426
6850820,53918723
6857112,255185482
6864046,177395557
6857376,95763716
6878378,100140916
6882604,180419276
6916362,76196538
6921996,158972499
6924650,127420861
6966692,321752656
6972140,2340411
6977338,111037232
6998518,12313323
7026672,10421847
7040874,97644617
7048622,51132598
7063210,47052899
7125774,168423227
7126948,822824522
7131622,374565754
7133686,81093313
7134096,5989583
7137846,51411620
7146812,288383523
7153766,151572634
7170950,82686066
7212726,44516999
7212754,47405566
7218518,1005973645
7282468,121790373
7286456,1074419384
7315484,272742922
7349662,93413709
7349950,473093228
7363076,10777375
7390646,22741061
7401588,120556201
7430722,67179155
7456310,90449929
7465992,116000000
7485048,20915465
7504726,111105497
7541106,18902015
7547410,119682635
7549892,162242684
7549996,15691640
7616148,25975621
7618184,174804407
7634968,72216294
7700730,34698753
7711170,476684675
7715202,619179950
7734218,32390945
7737528,82102379
7738784,868390560
7752126,32893421
7798634,57615777
7832124,41205099
7888964,55405035
7919680,43155261
7946422,701729206
7958736,466364845
7959026,174804407
7984766,87019158
8079248,154608507
8085790,216601214
8096832,93933394
8130968,735099102
8134742,74558115
8144834,5989583
8160864,15471969
8195518,109115308
8206668,40423279
8236336,225132113
8239946,1278650
8244784,200512643
8254556,369330363
8350360,231252591
8361028,746846894
8364368,91542097
8367814,115171795
8372298,141069860
8430598,201858461
8485364,40492652
8503618,21513434
8521876,398479497
8544498,24172201
8597594,375540831
8623904,121550750
8632862,11788676
8633478,208076205
8688634,49939757
8760684,173567581
8772262,47967636
8781414,45867333
8784956,2847246203
8820590,792910554
8946378,311605581
8948790,35492921
9024106,21354152
9072352,13639115
9076562,4398989
9110170,28650575
9134216,69412425
9139586,45867333
9179096,103166989
9214832,26404660
9252468,76490720
9345754,386041607
9354944,180289970
9412098,130834852
9420648,27122238
9477520,99557032
9617456,207305509
9664108,261317921
9779516,16060123
9866072,205850134
9900782,311605581
